Source path,Source file,Target file,xs,ys,xl,yl,xt,yt,Blacklisted?
/assets/minecraft/textures/particle,particles.png,mcl_particles_bubble.png,0,16,8,8,0,0,y
/assets/minecraft/textures/gui,icons.png,hbarmor_icon.png,34,9,9,9,0,0,y
/assets/minecraft/textures/gui,icons.png,hbarmor_bgicon.png,16,9,9,9,0,0,y
/assets/minecraft/textures/gui,icons.png,hudbars_icon_health.png,52,0,9,9,0,0,y
/assets/minecraft/textures/gui,icons.png,hudbars_bgicon_health.png,16,0,9,9,0,0,y
/assets/minecraft/textures/gui,icons.png,hudbars_icon_breath.png,16,18,9,9,0,0,y
/assets/minecraft/textures/gui,icons.png,heart.png,52,0,9,9,0,0,y
/assets/minecraft/textures/gui,icons.png,bubble.png,16,18,9,9,0,0,y
/assets/minecraft/textures/item,bucket.png,mcl_buckets_bucket.png,,,,,,,
/assets/minecraft/textures/item,water_bucket.png,mcl_buckets_water_bucket.png,,,,,,,
/assets/minecraft/textures/item,water_bucket.png,mcl_buckets_river_water_bucket.png,,,,,,,
/assets/minecraft/textures/item,lava_bucket.png,mcl_buckets_lava_bucket.png,,,,,,,
/assets/minecraft/textures/item,item_frame.png,mcl_itemframes_item_frame.png,,,,,,,
/assets/minecraft/textures/block,anvil.png,mcl_anvils_anvil_base.png,,,,,,,
/assets/minecraft/textures/block,anvil_top.png,mcl_anvils_anvil_top_damaged_0.png,,,,,,,
/assets/minecraft/textures/block,chipped_anvil_top.png,mcl_anvils_anvil_top_damaged_1.png,,,,,,,
/assets/minecraft/textures/block,damaged_anvil_top.png,mcl_anvils_anvil_top_damaged_2.png,,,,,,,
/assets/minecraft/textures/item,name_tag.png,mobs_nametag.png,,,,,,,
/assets/minecraft/textures/gui,icons.png,mobs_blood.png,16,0,9,9,0,0,y
/assets/minecraft/textures/entity/bed,red.png,mcl_beds_bed_red.png,,,,,,,
/assets/minecraft/textures/item,acacia_boat.png,mcl_boats_acacia_boat.png,,,,,,,
/assets/minecraft/textures/item,oak_boat.png,mcl_boats_oak_boat.png,,,,,,,
/assets/minecraft/textures/item,spruce_boat.png,mcl_boats_spruce_boat.png,,,,,,,
/assets/minecraft/textures/item,dark_oak_boat.png,mcl_boats_dark_oak_boat.png,,,,,,,
/assets/minecraft/textures/item,jungle_boat.png,mcl_boats_jungle_boat.png,,,,,,,
/assets/minecraft/textures/item,birch_boat.png,mcl_boats_birch_boat.png,,,,,,,
/assets/minecraft/textures/entity/boat,acacia.png,mcl_boats_texture_acacia_boat.png,,,,,,,
/assets/minecraft/textures/entity/boat,oak.png,mcl_boats_texture_oak_boat.png,,,,,,,
/assets/minecraft/textures/entity/boat,dark_oak.png,mcl_boats_texture_dark_oak_boat.png,,,,,,,
/assets/minecraft/textures/entity/boat,spruce.png,mcl_boats_texture_spruce_boat.png,,,,,,,
/assets/minecraft/textures/entity/boat,birch.png,mcl_boats_texture_birch_boat.png,,,,,,,
/assets/minecraft/textures/entity/boat,jungle.png,mcl_boats_texture_jungle_boat.png,,,,,,,
/assets/minecraft/textures/item,book.png,default_book.png,,,,,,,
/assets/minecraft/textures/block,bookshelf.png,default_bookshelf.png,,,,,,,
/assets/minecraft/textures/block,oak_planks.png,mcl_books_bookshelf_top.png,,,,,,,
/assets/minecraft/textures/item,writable_book.png,mcl_books_book_writable.png,,,,,,,
/assets/minecraft/textures/item,written_book.png,mcl_books_book_written.png,,,,,,,
/assets/minecraft/textures/item,cake.png,cake.png,,,,,,,
/assets/minecraft/textures/block,cake_bottom.png,cake_bottom.png,,,,,,,
/assets/minecraft/textures/block,cake_top.png,cake_top.png,,,,,,,
/assets/minecraft/textures/block,cake_side.png,cake_side.png,,,,,,,
/assets/minecraft/textures/block,cake_inner.png,cake_inner.png,,,,,,,
/assets/minecraft/textures/item,cauldron.png,mcl_cauldrons_cauldron.png,,,,,,,
/assets/minecraft/textures/block,cauldron_bottom.png,mcl_cauldrons_cauldron_bottom.png,,,,,,,
/assets/minecraft/textures/block,cauldron_top.png,mcl_cauldrons_cauldron_top.png,,,,,,,
/assets/minecraft/textures/block,cauldron_side.png,mcl_cauldrons_cauldron_side.png,,,,,,,
/assets/minecraft/textures/block,cauldron_inner.png,mcl_cauldrons_cauldron_inner.png,,,,,,,
/assets/minecraft/textures/block,cocoa_stage_0.png,mcl_cocoas_cocoa_stage_0.png,,,,,,,y
/assets/minecraft/textures/block,cocoa_stage_1.png,mcl_cocoas_cocoa_stage_1.png,,,,,,,y
/assets/minecraft/textures/block,cocoa_stage_2.png,mcl_cocoas_cocoa_stage_2.png,,,,,,,y
/assets/minecraft/textures/block,terracotta.png,hardened_clay.png,,,,,,,
/assets/minecraft/textures/block,black_terracotta.png,hardened_clay_stained_black.png,,,,,,,
/assets/minecraft/textures/block,blue_terracotta.png,hardened_clay_stained_blue.png,,,,,,,
/assets/minecraft/textures/block,brown_terracotta.png,hardened_clay_stained_brown.png,,,,,,,
/assets/minecraft/textures/block,cyan_terracotta.png,hardened_clay_stained_cyan.png,,,,,,,
/assets/minecraft/textures/block,gray_terracotta.png,hardened_clay_stained_grey.png,,,,,,,
/assets/minecraft/textures/block,green_terracotta.png,hardened_clay_stained_green.png,,,,,,,
/assets/minecraft/textures/block,light_blue_terracotta.png,hardened_clay_stained_light_blue.png,,,,,,,
/assets/minecraft/textures/block,lime_terracotta.png,hardened_clay_stained_lime.png,,,,,,,
/assets/minecraft/textures/block,magenta_terracotta.png,hardened_clay_stained_magenta.png,,,,,,,
/assets/minecraft/textures/block,orange_terracotta.png,hardened_clay_stained_orange.png,,,,,,,
/assets/minecraft/textures/block,pink_terracotta.png,hardened_clay_stained_pink.png,,,,,,,
/assets/minecraft/textures/block,purple_terracotta.png,hardened_clay_stained_purple.png,,,,,,,
/assets/minecraft/textures/block,red_terracotta.png,hardened_clay_stained_red.png,,,,,,,
/assets/minecraft/textures/block,light_gray_terracotta.png,hardened_clay_stained_silver.png,,,,,,,
/assets/minecraft/textures/block,white_terracotta.png,hardened_clay_stained_white.png,,,,,,,
/assets/minecraft/textures/block,yellow_terracotta.png,hardened_clay_stained_yellow.png,,,,,,,
/assets/minecraft/textures/block,black_concrete.png,mcl_colorblocks_concrete_black.png,,,,,,,
/assets/minecraft/textures/block,blue_concrete.png,mcl_colorblocks_concrete_blue.png,,,,,,,
/assets/minecraft/textures/block,brown_concrete.png,mcl_colorblocks_concrete_brown.png,,,,,,,
/assets/minecraft/textures/block,cyan_concrete.png,mcl_colorblocks_concrete_cyan.png,,,,,,,
/assets/minecraft/textures/block,gray_concrete.png,mcl_colorblocks_concrete_grey.png,,,,,,,
/assets/minecraft/textures/block,green_concrete.png,mcl_colorblocks_concrete_green.png,,,,,,,
/assets/minecraft/textures/block,light_blue_concrete.png,mcl_colorblocks_concrete_light_blue.png,,,,,,,
/assets/minecraft/textures/block,lime_concrete.png,mcl_colorblocks_concrete_lime.png,,,,,,,
/assets/minecraft/textures/block,magenta_concrete.png,mcl_colorblocks_concrete_magenta.png,,,,,,,
/assets/minecraft/textures/block,orange_concrete.png,mcl_colorblocks_concrete_orange.png,,,,,,,
/assets/minecraft/textures/block,pink_concrete.png,mcl_colorblocks_concrete_pink.png,,,,,,,
/assets/minecraft/textures/block,purple_concrete.png,mcl_colorblocks_concrete_purple.png,,,,,,,
/assets/minecraft/textures/block,red_concrete.png,mcl_colorblocks_concrete_red.png,,,,,,,
/assets/minecraft/textures/block,light_gray_concrete.png,mcl_colorblocks_concrete_silver.png,,,,,,,
/assets/minecraft/textures/block,white_concrete.png,mcl_colorblocks_concrete_white.png,,,,,,,
/assets/minecraft/textures/block,yellow_concrete.png,mcl_colorblocks_concrete_yellow.png,,,,,,,
/assets/minecraft/textures/block,black_concrete_powder.png,mcl_colorblocks_concrete_powder_black.png,,,,,,,
/assets/minecraft/textures/block,blue_concrete_powder.png,mcl_colorblocks_concrete_powder_blue.png,,,,,,,
/assets/minecraft/textures/block,brown_concrete_powder.png,mcl_colorblocks_concrete_powder_brown.png,,,,,,,
/assets/minecraft/textures/block,cyan_concrete_powder.png,mcl_colorblocks_concrete_powder_cyan.png,,,,,,,
/assets/minecraft/textures/block,gray_concrete_powder.png,mcl_colorblocks_concrete_powder_grey.png,,,,,,,
/assets/minecraft/textures/block,green_concrete_powder.png,mcl_colorblocks_concrete_powder_green.png,,,,,,,
/assets/minecraft/textures/block,light_blue_concrete_powder.png,mcl_colorblocks_concrete_powder_light_blue.png,,,,,,,
/assets/minecraft/textures/block,lime_concrete_powder.png,mcl_colorblocks_concrete_powder_lime.png,,,,,,,
/assets/minecraft/textures/block,magenta_concrete_powder.png,mcl_colorblocks_concrete_powder_magenta.png,,,,,,,
/assets/minecraft/textures/block,orange_concrete_powder.png,mcl_colorblocks_concrete_powder_orange.png,,,,,,,
/assets/minecraft/textures/block,pink_concrete_powder.png,mcl_colorblocks_concrete_powder_pink.png,,,,,,,
/assets/minecraft/textures/block,purple_concrete_powder.png,mcl_colorblocks_concrete_powder_purple.png,,,,,,,
/assets/minecraft/textures/block,red_concrete_powder.png,mcl_colorblocks_concrete_powder_red.png,,,,,,,
/assets/minecraft/textures/block,light_gray_concrete_powder.png,mcl_colorblocks_concrete_powder_silver.png,,,,,,,
/assets/minecraft/textures/block,white_concrete_powder.png,mcl_colorblocks_concrete_powder_white.png,,,,,,,
/assets/minecraft/textures/block,yellow_concrete_powder.png,mcl_colorblocks_concrete_powder_yellow.png,,,,,,,
/assets/minecraft/textures/block,black_glazed_terracotta.png,mcl_colorblocks_glazed_terracotta_black.png,,,,,,,
/assets/minecraft/textures/block,blue_glazed_terracotta.png,mcl_colorblocks_glazed_terracotta_blue.png,,,,,,,
/assets/minecraft/textures/block,brown_glazed_terracotta.png,mcl_colorblocks_glazed_terracotta_brown.png,,,,,,,
/assets/minecraft/textures/block,cyan_glazed_terracotta.png,mcl_colorblocks_glazed_terracotta_cyan.png,,,,,,,
/assets/minecraft/textures/block,gray_glazed_terracotta.png,mcl_colorblocks_glazed_terracotta_grey.png,,,,,,,
/assets/minecraft/textures/block,green_glazed_terracotta.png,mcl_colorblocks_glazed_terracotta_green.png,,,,,,,
/assets/minecraft/textures/block,light_blue_glazed_terracotta.png,mcl_colorblocks_glazed_terracotta_light_blue.png,,,,,,,
/assets/minecraft/textures/block,lime_glazed_terracotta.png,mcl_colorblocks_glazed_terracotta_lime.png,,,,,,,
/assets/minecraft/textures/block,magenta_glazed_terracotta.png,mcl_colorblocks_glazed_terracotta_magenta.png,,,,,,,
/assets/minecraft/textures/block,orange_glazed_terracotta.png,mcl_colorblocks_glazed_terracotta_orange.png,,,,,,,
/assets/minecraft/textures/block,pink_glazed_terracotta.png,mcl_colorblocks_glazed_terracotta_pink.png,,,,,,,
/assets/minecraft/textures/block,purple_glazed_terracotta.png,mcl_colorblocks_glazed_terracotta_purple.png,,,,,,,
/assets/minecraft/textures/block,red_glazed_terracotta.png,mcl_colorblocks_glazed_terracotta_red.png,,,,,,,
/assets/minecraft/textures/block,light_gray_glazed_terracotta.png,mcl_colorblocks_glazed_terracotta_silver.png,,,,,,,
/assets/minecraft/textures/block,white_glazed_terracotta.png,mcl_colorblocks_glazed_terracotta_white.png,,,,,,,
/assets/minecraft/textures/block,yellow_glazed_terracotta.png,mcl_colorblocks_glazed_terracotta_yellow.png,,,,,,,
/assets/minecraft/textures/block,oak_sapling.png,default_sapling.png,,,,,,,
/assets/minecraft/textures/block,acacia_sapling.png,default_acacia_sapling.png,,,,,,,
/assets/minecraft/textures/block,spruce_sapling.png,mcl_core_sapling_spruce.png,,,,,,,
/assets/minecraft/textures/block,jungle_sapling.png,default_junglesapling.png,,,,,,,
/assets/minecraft/textures/block,dark_oak_sapling.png,mcl_core_sapling_big_oak.png,,,,,,,
/assets/minecraft/textures/block,birch_sapling.png,mcl_core_sapling_birch.png,,,,,,,
/assets/minecraft/textures/item,apple.png,default_apple.png,,,,,,,
/assets/minecraft/textures/item,golden_apple.png,mcl_core_apple_golden.png,,,,,,,
/assets/minecraft/textures/block,bricks.png,default_brick.png,,,,,,,
/assets/minecraft/textures/block,cactus_side.png,mcl_core_cactus_side.png,,,,,,,
/assets/minecraft/textures/block,cactus_top.png,mcl_core_cactus_top.png,,,,,,,
/assets/minecraft/textures/block,cactus_bottom.png,mcl_core_cactus_bottom.png,,,,,,,
/assets/minecraft/textures/item,brick.png,default_clay_brick.png,,,,,,,
/assets/minecraft/textures/item,clay_ball.png,default_clay_lump.png,,,,,,,
/assets/minecraft/textures/block,clay.png,default_clay.png,,,,,,,
/assets/minecraft/textures/block,coal_block.png,default_coal_block.png,,,,,,,
/assets/minecraft/textures/item,coal.png,default_coal_lump.png,,,,,,,
/assets/minecraft/textures/block,cobblestone.png,default_cobble.png,,,,,,,
/assets/minecraft/textures/block,diamond_block.png,default_diamond_block.png,,,,,,,
/assets/minecraft/textures/item,diamond.png,default_diamond.png,,,,,,,
/assets/minecraft/textures/block,dirt.png,default_dirt.png,,,,,,,
/assets/minecraft/textures/block,dead_bush.png,default_dry_shrub.png,,,,,,,
/assets/minecraft/textures/block,acacia_log.png,default_acacia_tree.png,,,,,,,
/assets/minecraft/textures/block,acacia_log_top.png,default_acacia_tree_top.png,,,,,,,
/assets/minecraft/textures/block,acacia_planks.png,default_acacia_wood.png,,,,,,,
/assets/minecraft/textures/item,flint.png,default_flint.png,,,,,,,
/assets/minecraft/textures/block,glass.png,default_glass.png,,,,,,,
/assets/minecraft/textures/block,black_stained_glass.png,mcl_core_glass_black.png,,,,,,,
/assets/minecraft/textures/block,blue_stained_glass.png,mcl_core_glass_blue.png,,,,,,,
/assets/minecraft/textures/block,brown_stained_glass.png,mcl_core_glass_brown.png,,,,,,,
/assets/minecraft/textures/block,cyan_stained_glass.png,mcl_core_glass_cyan.png,,,,,,,
/assets/minecraft/textures/block,gray_stained_glass.png,mcl_core_glass_gray.png,,,,,,,
/assets/minecraft/textures/block,green_stained_glass.png,mcl_core_glass_green.png,,,,,,,
/assets/minecraft/textures/block,light_blue_stained_glass.png,mcl_core_glass_light_blue.png,,,,,,,
/assets/minecraft/textures/block,lime_stained_glass.png,mcl_core_glass_lime.png,,,,,,,
/assets/minecraft/textures/block,magenta_stained_glass.png,mcl_core_glass_magenta.png,,,,,,,
/assets/minecraft/textures/block,orange_stained_glass.png,mcl_core_glass_orange.png,,,,,,,
/assets/minecraft/textures/block,pink_stained_glass.png,mcl_core_glass_pink.png,,,,,,,
/assets/minecraft/textures/block,purple_stained_glass.png,mcl_core_glass_purple.png,,,,,,,
/assets/minecraft/textures/block,red_stained_glass.png,mcl_core_glass_red.png,,,,,,,
/assets/minecraft/textures/block,light_gray_stained_glass.png,mcl_core_glass_silver.png,,,,,,,
/assets/minecraft/textures/block,white_stained_glass.png,mcl_core_glass_white.png,,,,,,,
/assets/minecraft/textures/block,yellow_stained_glass.png,mcl_core_glass_yellow.png,,,,,,,
/assets/minecraft/textures/block,gold_block.png,default_gold_block.png,,,,,,,
/assets/minecraft/textures/block,gold_block.png,mcl_stairs_gold_block_slab.png,,,,,,,
/assets/minecraft/textures/item,gold_ingot.png,default_gold_ingot.png,,,,,,,
/assets/minecraft/textures/block,gravel.png,default_gravel.png,,,,,,,
/assets/minecraft/textures/block,ice.png,default_ice.png,,,,,,,
/assets/minecraft/textures/block,jungle_log.png,default_jungletree.png,,,,,,,
/assets/minecraft/textures/block,jungle_log_top.png,default_jungletree_top.png,,,,,,,
/assets/minecraft/textures/block,jungle_planks.png,default_junglewood.png,,,,,,,
/assets/minecraft/textures/block,ladder.png,default_ladder.png,,,,,,,
/assets/minecraft/textures/block,lava_still.png,mcl_core_lava_source_animation.png,,,,,,,
/assets/minecraft/textures/block,lava_flow.png,mcl_core_lava_flow_animation.png,,,,,,,
/assets/minecraft/textures/block,mossy_cobblestone.png,default_mossycobble.png,,,,,,,
/assets/minecraft/textures/block,obsidian.png,default_obsidian.png,,,,,,,
/assets/minecraft/textures/item,paper.png,default_paper.png,,,,,,,
/assets/minecraft/textures/block,sugar_cane.png,mcl_core_papyrus.png,,,,,,,
/assets/minecraft/textures/block,sand.png,default_sand.png,,,,,,,
/assets/minecraft/textures/block,snow.png,default_snow.png,,,,,,,
/assets/minecraft/textures/block,iron_block.png,default_steel_block.png,,,,,,,
/assets/minecraft/textures/block,iron_block.png,mcl_stairs_iron_block_slab.png,,,,,,,
/assets/minecraft/textures/item,iron_ingot.png,default_steel_ingot.png,,,,,,,
/assets/minecraft/textures/item,stick.png,default_stick.png,,,,,,,
/assets/minecraft/textures/block,stone_bricks.png,default_stone_brick.png,,,,,,,
/assets/minecraft/textures/block,stone.png,default_stone.png,,,,,,,
/assets/minecraft/textures/block,oak_log.png,default_tree.png,,,,,,,
/assets/minecraft/textures/block,oak_log_top.png,default_tree_top.png,,,,,,,
/assets/minecraft/textures/block,water_still.png,mcl_core_water_source_animation.png,,,,,,,
/assets/minecraft/textures/block,water_flow.png,mcl_core_water_flow_animation.png,,,,,,,
/assets/minecraft/textures/block,oak_planks.png,default_wood.png,,,,,,,
/assets/minecraft/textures/block,andesite.png,mcl_core_andesite.png,,,,,,,
/assets/minecraft/textures/block,polished_andesite.png,mcl_core_andesite_smooth.png,,,,,,,
/assets/minecraft/textures/block,polished_andesite.png,mcl_stairs_andesite_smooth_slab.png,,,,,,,
/assets/minecraft/textures/item,barrier.png,mcl_core_barrier.png,,,,,,,
/assets/minecraft/textures/block,bedrock.png,mcl_core_bedrock.png,,,,,,,
/assets/minecraft/textures/block,bone_block_side.png,mcl_core_bone_block_side.png,,,,,,,
/assets/minecraft/textures/block,bone_block_top.png,mcl_core_bone_block_top.png,,,,,,,
/assets/minecraft/textures/item,bowl.png,mcl_core_bowl.png,,,,,,,
/assets/minecraft/textures/item,charcoal.png,mcl_core_charcoal.png,,,,,,,
/assets/minecraft/textures/block,coal_ore.png,mcl_core_coal_ore.png,,,,,,,
/assets/minecraft/textures/block,coarse_dirt.png,mcl_core_coarse_dirt.png,,,,,,,
/assets/minecraft/textures/block,diamond_ore.png,mcl_core_diamond_ore.png,,,,,,,
/assets/minecraft/textures/block,diorite.png,mcl_core_diorite.png,,,,,,,
/assets/minecraft/textures/block,polished_diorite.png,mcl_core_diorite_smooth.png,,,,,,,
/assets/minecraft/textures/block,polished_diorite.png,mcl_stairs_diorite_smooth_slab.png,,,,,,,
/assets/minecraft/textures/block,podzol_side.png,mcl_core_dirt_podzol_side.png,,,,,,,
/assets/minecraft/textures/block,podzol_top.png,mcl_core_dirt_podzol_top.png,,,,,,,
/assets/minecraft/textures/block,emerald_block.png,mcl_core_emerald_block.png,,,,,,,
/assets/minecraft/textures/block,emerald_ore.png,mcl_core_emerald_ore.png,,,,,,,
/assets/minecraft/textures/item,emerald.png,mcl_core_emerald.png,,,,,,,
/assets/minecraft/textures/block,frosted_ice_0.png,mcl_core_frosted_ice_0.png,,,,,,,
/assets/minecraft/textures/block,frosted_ice_1.png,mcl_core_frosted_ice_1.png,,,,,,,
/assets/minecraft/textures/block,frosted_ice_2.png,mcl_core_frosted_ice_2.png,,,,,,,
/assets/minecraft/textures/block,frosted_ice_3.png,mcl_core_frosted_ice_3.png,,,,,,,
/assets/minecraft/textures/item,raw_gold.png,mcl_core_gold_nugget.png,,,,,,,
/assets/minecraft/textures/block,gold_ore.png,mcl_core_gold_ore.png,,,,,,,
/assets/minecraft/textures/block,granite.png,mcl_core_granite.png,,,,,,,
/assets/minecraft/textures/block,polished_granite.png,mcl_core_granite_smooth.png,,,,,,,
/assets/minecraft/textures/block,polished_granite.png,mcl_stairs_granite_smooth_slab.png,,,,,,,
/assets/minecraft/textures/block,dirt_path_side.png,mcl_core_grass_path_side.png,,,,,,,
/assets/minecraft/textures/block,dirt_path_top.png,mcl_core_grass_path_top.png,,,,,,,
/assets/minecraft/textures/block,grass_block_snow.png,mcl_core_grass_side_snowed.png,,,,,,,
/assets/minecraft/textures/block,packed_ice.png,mcl_core_ice_packed.png,,,,,,,
/assets/minecraft/textures/item,iron_nugget.png,mcl_core_iron_nugget.png,,,,,,,
/assets/minecraft/textures/block,iron_ore.png,mcl_core_iron_ore.png,,,,,,,
/assets/minecraft/textures/block,lapis_block.png,mcl_core_lapis_block.png,,,,,,,
/assets/minecraft/textures/block,lapis_block.png,mcl_stairs_lapis_block_slab.png,,,,,,,
/assets/minecraft/textures/block,lapis_ore.png,mcl_core_lapis_ore.png,,,,,,,
/assets/minecraft/textures/block,dark_oak_log.png,mcl_core_log_big_oak.png,,,,,,,
/assets/minecraft/textures/block,dark_oak_log_top.png,mcl_core_log_big_oak_top.png,,,,,,,
/assets/minecraft/textures/block,birch_log.png,mcl_core_log_birch.png,,,,,,,
/assets/minecraft/textures/block,birch_log_top.png,mcl_core_log_birch_top.png,,,,,,,
/assets/minecraft/textures/block,spruce_log.png,mcl_core_log_spruce.png,,,,,,,
/assets/minecraft/textures/block,spruce_log_top.png,mcl_core_log_spruce_top.png,,,,,,,
/assets/minecraft/textures/block,mycelium_side.png,mcl_core_mycelium_side.png,,,,,,,
/assets/minecraft/textures/block,mycelium_top.png,mcl_core_mycelium_top.png,,,,,,,
/assets/minecraft/textures/block,dark_oak_planks.png,mcl_core_planks_big_oak.png,,,,,,,
/assets/minecraft/textures/block,birch_planks.png,mcl_core_planks_birch.png,,,,,,,
/assets/minecraft/textures/block,spruce_planks.png,mcl_core_planks_spruce.png,,,,,,,
/assets/minecraft/textures/block,red_sand.png,mcl_core_red_sand.png,,,,,,,
/assets/minecraft/textures/block,red_sandstone_bottom.png,mcl_core_red_sandstone_bottom.png,,,,,,,
/assets/minecraft/textures/block,cut_red_sandstone.png,mcl_core_red_sandstone_carved.png,,,,,,,
/assets/minecraft/textures/block,red_sandstone.png,mcl_core_red_sandstone_normal.png,,,,,,,
/assets/minecraft/textures/block,chiseled_red_sandstone.png,mcl_core_red_sandstone_smooth.png,,,,,,,
/assets/minecraft/textures/block,red_sandstone_top.png,mcl_core_red_sandstone_top.png,,,,,,,
/assets/minecraft/textures/block,redstone_ore.png,mcl_core_redstone_ore.png,,,,,,,
/assets/minecraft/textures/item,sugar_cane.png,mcl_core_reeds.png,,,,,,,
/assets/minecraft/textures/block,sandstone_bottom.png,mcl_core_sandstone_bottom.png,,,,,,,
/assets/minecraft/textures/block,cut_sandstone.png,mcl_core_sandstone_carved.png,,,,,,,
/assets/minecraft/textures/block,chiseled_sandstone.png,mcl_core_sandstone_normal.png,,,,,,,
/assets/minecraft/textures/block,cut_sandstone.png,mcl_core_sandstone_smooth.png,,,,,,,
/assets/minecraft/textures/block,sandstone.png,mcl_core_sandstone_top.png,,,,,,,
/assets/minecraft/textures/block,slime_block.png,mcl_core_slime.png,,,,,,,
/assets/minecraft/textures/block,smooth_stone.png,mcl_core_stonebrick_carved.png,,,,,,,
/assets/minecraft/textures/block,cracked_stone_bricks.png,mcl_core_stonebrick_cracked.png,,,,,,,
/assets/minecraft/textures/block,mossy_stone_bricks.png,mcl_core_stonebrick_mossy.png,,,,,,,
/assets/minecraft/textures/item,sugar.png,mcl_core_sugar.png,,,,,,,
/assets/minecraft/textures/block,cobweb.png,mcl_core_web.png,,,,,,,
/assets/minecraft/textures/block,crafting_table_front.png,crafting_workbench_front.png,,,,,,,
/assets/minecraft/textures/block,crafting_table_side.png,crafting_workbench_side.png,,,,,,,
/assets/minecraft/textures/block,crafting_table_top.png,crafting_workbench_top.png,,,,,,,
/assets/minecraft/textures/block,fletching_table_front.png,fletching_table_front.png,,,,,,,
/assets/minecraft/textures/block,fletching_table_side.png,fletching_table_side.png,,,,,,,
/assets/minecraft/textures/block,fletching_table_top.png,fletching_table_top.png,,,,,,,
/assets/minecraft/textures/block,acacia_door_bottom.png,mcl_doors_door_acacia_lower.png,,,,,,,
/assets/minecraft/textures/block,acacia_door_bottom.png,mcl_doors_door_acacia_side_lower.png,,,,,,,
/assets/minecraft/textures/block,acacia_door_top.png,mcl_doors_door_acacia_upper.png,,,,,,,
/assets/minecraft/textures/block,acacia_door_top.png,mcl_doors_door_acacia_side_upper.png,,,,,,,
/assets/minecraft/textures/block,birch_door_bottom.png,mcl_doors_door_birch_lower.png,,,,,,,
/assets/minecraft/textures/block,birch_door_bottom.png,mcl_doors_door_birch_side_lower.png,,,,,,,
/assets/minecraft/textures/block,birch_door_top.png,mcl_doors_door_birch_upper.png,,,,,,,
/assets/minecraft/textures/block,birch_door_top.png,mcl_doors_door_birch_side_upper.png,,,,,,,
/assets/minecraft/textures/block,dark_oak_door_bottom.png,mcl_doors_door_dark_oak_lower.png,,,,,,,
/assets/minecraft/textures/block,dark_oak_door_bottom.png,mcl_doors_door_dark_oak_side_lower.png,,,,,,,
/assets/minecraft/textures/block,dark_oak_door_top.png,mcl_doors_door_dark_oak_upper.png,,,,,,,
/assets/minecraft/textures/block,dark_oak_door_top.png,mcl_doors_door_dark_oak_side_upper.png,,,,,,,
/assets/minecraft/textures/block,iron_door_bottom.png,mcl_doors_door_iron_lower.png,,,,,,,
/assets/minecraft/textures/block,iron_door_bottom.png,mcl_doors_door_iron_side_lower.png,,,,,,,
/assets/minecraft/textures/block,iron_door_top.png,mcl_doors_door_iron_upper.png,,,,,,,
/assets/minecraft/textures/block,iron_door_top.png,mcl_doors_door_iron_side_upper.png,,,,,,,
/assets/minecraft/textures/block,jungle_door_bottom.png,mcl_doors_door_jungle_lower.png,,,,,,,
/assets/minecraft/textures/block,jungle_door_bottom.png,mcl_doors_door_jungle_side_lower.png,,,,,,,
/assets/minecraft/textures/block,jungle_door_top.png,mcl_doors_door_jungle_upper.png,,,,,,,
/assets/minecraft/textures/block,jungle_door_top.png,mcl_doors_door_jungle_side_upper.png,,,,,,,
/assets/minecraft/textures/block,spruce_door_bottom.png,mcl_doors_door_spruce_lower.png,,,,,,,
/assets/minecraft/textures/block,spruce_door_bottom.png,mcl_doors_door_spruce_side_lower.png,,,,,,,
/assets/minecraft/textures/block,spruce_door_top.png,mcl_doors_door_spruce_upper.png,,,,,,,
/assets/minecraft/textures/block,spruce_door_top.png,mcl_doors_door_spruce_side_upper.png,,,,,,,
/assets/minecraft/textures/block,oak_door_bottom.png,mcl_doors_door_wood_lower.png,,,,,,,
/assets/minecraft/textures/block,oak_door_bottom.png,mcl_doors_door_wood_side_lower.png,,,,,,,
/assets/minecraft/textures/block,oak_door_top.png,mcl_doors_door_wood_upper.png,,,,,,,
/assets/minecraft/textures/block,oak_door_top.png,mcl_doors_door_wood_side_upper.png,,,,,,,
/assets/minecraft/textures/block,oak_trapdoor.png,doors_trapdoor.png,,,,,,,
/assets/minecraft/textures/block,oak_trapdoor.png,doors_trapdoor_side.png,,,,,,,
/assets/minecraft/textures/block,iron_trapdoor.png,doors_trapdoor_steel.png,,,,,,,
/assets/minecraft/textures/block,iron_trapdoor.png,doors_trapdoor_steel_side.png,,,,,,,
/assets/minecraft/textures/item,acacia_door.png,mcl_doors_door_acacia.png,,,,,,,
/assets/minecraft/textures/item,birch_door.png,mcl_doors_door_birch.png,,,,,,,
/assets/minecraft/textures/item,dark_oak_door.png,mcl_doors_door_dark_oak.png,,,,,,,
/assets/minecraft/textures/item,jungle_door.png,mcl_doors_door_jungle.png,,,,,,,
/assets/minecraft/textures/item,spruce_door.png,mcl_doors_door_spruce.png,,,,,,,
/assets/minecraft/textures/item,oak_door.png,doors_item_wood.png,,,,,,,
/assets/minecraft/textures/item,iron_door.png,doors_item_steel.png,,,,,,,
/assets/minecraft/textures/item,black_dye.png,mcl_dye_black.png,,,,,,,
/assets/minecraft/textures/item,blue_dye.png,mcl_dye_blue.png,,,,,,,
/assets/minecraft/textures/item,brown_dye.png,mcl_dye_brown.png,,,,,,,
/assets/minecraft/textures/item,cyan_dye.png,mcl_dye_cyan.png,,,,,,,
/assets/minecraft/textures/item,gray_dye.png,mcl_dye_dark_grey.png,,,,,,,
/assets/minecraft/textures/item,green_dye.png,mcl_dye_dark_green.png,,,,,,,
/assets/minecraft/textures/item,light_blue_dye.png,mcl_dye_lightblue.png,,,,,,,
/assets/minecraft/textures/item,lime_dye.png,mcl_dye_lime.png,,,,,,,
/assets/minecraft/textures/item,magenta_dye.png,mcl_dye_magenta.png,,,,,,,
/assets/minecraft/textures/item,orange_dye.png,mcl_dye_orange.png,,,,,,,
/assets/minecraft/textures/item,pink_dye.png,mcl_dye_pink.png,,,,,,,
/assets/minecraft/textures/item,purple_dye.png,mcl_dye_violet.png,,,,,,,
/assets/minecraft/textures/item,red_dye.png,mcl_dye_red.png,,,,,,,
/assets/minecraft/textures/item,light_gray_dye.png,mcl_dye_grey.png,,,,,,,
/assets/minecraft/textures/item,white_dye.png,mcl_dye_white.png,,,,,,,
/assets/minecraft/textures/item,yellow_dye.png,mcl_dye_yellow.png,,,,,,,
/assets/minecraft/textures/block,chorus_flower_dead.png,mcl_end_chorus_flower_dead.png,,,,,,,
/assets/minecraft/textures/block,chorus_flower.png,mcl_end_chorus_flower.png,,,,,,,
/assets/minecraft/textures/item,chorus_fruit.png,mcl_end_chorus_fruit.png,,,,,,,
/assets/minecraft/textures/item,popped_chorus_fruit.png,mcl_end_chorus_fruit_popped.png,,,,,,,
/assets/minecraft/textures/block,chorus_plant.png,mcl_end_chorus_plant.png,,,,,,,
/assets/minecraft/textures/block,dragon_egg.png,mcl_end_dragon_egg.png,,,,,,,
/assets/minecraft/textures/block,end_stone_bricks.png,mcl_end_end_bricks.png,,,,,,,
/assets/minecraft/textures/item,ender_eye.png,mcl_end_ender_eye.png,,,,,,,
/assets/minecraft/textures/block,end_portal_frame_eye.png,mcl_end_endframe_eye.png,,,,,,,
/assets/minecraft/textures/block,end_portal_frame_side.png,mcl_end_endframe_side.png,,,,,,,
/assets/minecraft/textures/block,end_portal_frame_top.png,mcl_end_endframe_top.png,,,,,,,
/assets/minecraft/textures/block,end_stone.png,mcl_end_end_stone.png,,,,,,,
/assets/minecraft/textures/item,end_crystal.png,mcl_end_crystal_item.png,,,,,,,
/assets/minecraft/textures/entity/end_crystal,end_crystal.png,mcl_end_crystal.png,,,,,,,
/assets/minecraft/textures/block,purpur_block.png,mcl_end_purpur_block.png,,,,,,,
/assets/minecraft/textures/block,purpur_pillar.png,mcl_end_purpur_pillar.png,,,,,,,
/assets/minecraft/textures/block,purpur_pillar_top.png,mcl_end_purpur_pillar_top.png,,,,,,,
/assets/minecraft/textures/block,potatoes_stage0.png,mcl_farming_potatoes_stage_0.png,,,,,,,
/assets/minecraft/textures/block,potatoes_stage1.png,mcl_farming_potatoes_stage_1.png,,,,,,,
/assets/minecraft/textures/block,potatoes_stage2.png,mcl_farming_potatoes_stage_2.png,,,,,,,
/assets/minecraft/textures/block,potatoes_stage3.png,mcl_farming_potatoes_stage_3.png,,,,,,,
/assets/minecraft/textures/item,pumpkin_pie.png,mcl_farming_pumpkin_pie.png,,,,,,,
/assets/minecraft/textures/item,bread.png,farming_bread.png,,,,,,,
/assets/minecraft/textures/block,carrots_stage0.png,farming_carrot_1.png,,,,,,,
/assets/minecraft/textures/block,carrots_stage1.png,farming_carrot_2.png,,,,,,,
/assets/minecraft/textures/block,carrots_stage2.png,farming_carrot_3.png,,,,,,,
/assets/minecraft/textures/block,carrots_stage3.png,farming_carrot_4.png,,,,,,,
/assets/minecraft/textures/item,golden_carrot.png,farming_carrot_gold.png,,,,,,,
/assets/minecraft/textures/item,carrot.png,farming_carrot.png,,,,,,,
/assets/minecraft/textures/item,cookie.png,farming_cookie.png,,,,,,,
/assets/minecraft/textures/item,melon_slice.png,farming_melon.png,,,,,,,
/assets/minecraft/textures/item,melon_seeds.png,mcl_farming_melon_seeds.png,,,,,,,
/assets/minecraft/textures/block,melon_side.png,farming_melon_side.png,,,,,,,
/assets/minecraft/textures/block,melon_top.png,farming_melon_top.png,,,,,,,
/assets/minecraft/textures/item,baked_potato.png,farming_potato_baked.png,,,,,,,
/assets/minecraft/textures/item,potato.png,farming_potato.png,,,,,,,
/assets/minecraft/textures/item,poisonous_potato.png,farming_potato_poison.png,,,,,,,
/assets/minecraft/textures/block,jack_o_lantern.png,farming_pumpkin_face_light.png,,,,,,,
/assets/minecraft/textures/block,carved_pumpkin.png,farming_pumpkin_face.png,,,,,,,
/assets/minecraft/textures/item,pumpkin_seeds.png,mcl_farming_pumpkin_seeds.png,,,,,,,
/assets/minecraft/textures/block,pumpkin_side.png,farming_pumpkin_side.png,,,,,,,
/assets/minecraft/textures/block,pumpkin_top.png,farming_pumpkin_top.png,,,,,,,
/assets/minecraft/textures/block,farmland.png,mcl_farming_farmland_dry.png,,,,,,,
/assets/minecraft/textures/block,farmland_moist.png,mcl_farming_farmland_wet.png,,,,,,,
/assets/minecraft/textures/item,netherite_hoe.png,farming_tool_netheritehoe.png,,,,,,,
/assets/minecraft/textures/item,diamond_hoe.png,farming_tool_diamondhoe.png,,,,,,,
/assets/minecraft/textures/item,golden_hoe.png,farming_tool_goldhoe.png,,,,,,,
/assets/minecraft/textures/item,iron_hoe.png,farming_tool_steelhoe.png,,,,,,,
/assets/minecraft/textures/item,stone_hoe.png,farming_tool_stonehoe.png,,,,,,,
/assets/minecraft/textures/item,wooden_hoe.png,farming_tool_woodhoe.png,,,,,,,
/assets/minecraft/textures/item,wheat.png,farming_wheat_harvested.png,,,,,,,
/assets/minecraft/textures/item,wheat_seeds.png,mcl_farming_wheat_seeds.png,,,,,,,
/assets/minecraft/textures/block,beetroots_stage0.png,mcl_farming_beetroot_0.png,,,,,,,
/assets/minecraft/textures/block,beetroots_stage1.png,mcl_farming_beetroot_1.png,,,,,,,
/assets/minecraft/textures/block,beetroots_stage2.png,mcl_farming_beetroot_2.png,,,,,,,
/assets/minecraft/textures/block,beetroots_stage3.png,mcl_farming_beetroot_3.png,,,,,,,
/assets/minecraft/textures/item,beetroot.png,mcl_farming_beetroot.png,,,,,,,
/assets/minecraft/textures/item,beetroot_seeds.png,mcl_farming_beetroot_seeds.png,,,,,,,
/assets/minecraft/textures/item,beetroot_soup.png,mcl_farming_beetroot_soup.png,,,,,,,
/assets/minecraft/textures/block,hay_block_side.png,mcl_farming_hayblock_side.png,,,,,,,
/assets/minecraft/textures/block,hay_block_top.png,mcl_farming_hayblock_top.png,,,,,,,
/assets/minecraft/textures/block,wheat_stage0.png,mcl_farming_wheat_stage_0.png,,,,,,,
/assets/minecraft/textures/block,wheat_stage1.png,mcl_farming_wheat_stage_1.png,,,,,,,
/assets/minecraft/textures/block,wheat_stage2.png,mcl_farming_wheat_stage_2.png,,,,,,,
/assets/minecraft/textures/block,wheat_stage3.png,mcl_farming_wheat_stage_3.png,,,,,,,
/assets/minecraft/textures/block,wheat_stage4.png,mcl_farming_wheat_stage_4.png,,,,,,,
/assets/minecraft/textures/block,wheat_stage5.png,mcl_farming_wheat_stage_5.png,,,,,,,
/assets/minecraft/textures/block,wheat_stage6.png,mcl_farming_wheat_stage_6.png,,,,,,,
/assets/minecraft/textures/block,wheat_stage7.png,mcl_farming_wheat_stage_7.png,,,,,,,
/assets/minecraft/textures/block,fire_0.png,fire_basic_flame_animated.png,,,,,,,
/assets/minecraft/textures/block,fire_0.png,mcl_burning_entity_flame_animated.png,,,,,,,
/assets/minecraft/textures/block,fire_0.png,mcl_burning_hud_flame_animated.png,,,,,,,
/assets/minecraft/textures/block,fire_0.png,fire_basic_flame.png,0,0,16,16,0,0,y
/assets/minecraft/textures/item,fire_charge.png,mcl_fire_fire_charge.png,,,,,,,
/assets/minecraft/textures/item,flint_and_steel.png,mcl_fire_flint_and_steel.png,,,,,,,
/assets/minecraft/textures/item,tropical_fish.png,mcl_fishing_clownfish_raw.png,,,,,,,
/assets/minecraft/textures/entity/fish,tropical_a.png,extra_mobs_tropical_fish_a.png,,,,,,,
/assets/minecraft/textures/entity/fish,tropical_b.png,extra_mobs_tropical_fish_b.png,,,,,,,
/assets/minecraft/textures/entity/fish,tropical_a_pattern_1.png,extra_mobs_tropical_fish_pattern_a_1.png,,,,,,,
/assets/minecraft/textures/entity/fish,tropical_a_pattern_2.png,extra_mobs_tropical_fish_pattern_a_2.png,,,,,,,
/assets/minecraft/textures/entity/fish,tropical_a_pattern_3.png,extra_mobs_tropical_fish_pattern_a_3.png,,,,,,,
/assets/minecraft/textures/entity/fish,tropical_a_pattern_4.png,extra_mobs_tropical_fish_pattern_a_4.png,,,,,,,
/assets/minecraft/textures/entity/fish,tropical_a_pattern_5.png,extra_mobs_tropical_fish_pattern_a_5.png,,,,,,,
/assets/minecraft/textures/entity/fish,tropical_a_pattern_6.png,extra_mobs_tropical_fish_pattern_a_6.png,,,,,,,
/assets/minecraft/textures/entity/fish,tropical_b_pattern_1.png,extra_mobs_tropical_fish_pattern_b_1.png,,,,,,,
/assets/minecraft/textures/entity/fish,tropical_b_pattern_2.png,extra_mobs_tropical_fish_pattern_b_2.png,,,,,,,
/assets/minecraft/textures/entity/fish,tropical_b_pattern_3.png,extra_mobs_tropical_fish_pattern_b_3.png,,,,,,,
/assets/minecraft/textures/entity/fish,tropical_b_pattern_4.png,extra_mobs_tropical_fish_pattern_b_4.png,,,,,,,
/assets/minecraft/textures/entity/fish,tropical_b_pattern_5.png,extra_mobs_tropical_fish_pattern_b_5.png,,,,,,,
/assets/minecraft/textures/entity/fish,tropical_b_pattern_6.png,extra_mobs_tropical_fish_pattern_b_6.png,,,,,,,
/assets/minecraft/textures/item,cooked_cod.png,mcl_fishing_fish_cooked.png,,,,,,,
/assets/minecraft/textures/item,fishing_rod.png,mcl_fishing_fishing_rod.png,,,,,,,
/assets/minecraft/textures/item,cod.png,mcl_fishing_fish_raw.png,,,,,,,
/assets/minecraft/textures/item,pufferfish.png,mcl_fishing_pufferfish_raw.png,,,,,,,
/assets/minecraft/textures/item,cooked_salmon.png,mcl_fishing_salmon_cooked.png,,,,,,,
/assets/minecraft/textures/item,salmon.png,mcl_fishing_salmon_raw.png,,,,,,,
/assets/minecraft/textures/block,allium.png,mcl_flowers_allium.png,,,,,,,
/assets/minecraft/textures/block,azure_bluet.png,mcl_flowers_azure_bluet.png,,,,,,,
/assets/minecraft/textures/block,blue_orchid.png,mcl_flowers_blue_orchid.png,,,,,,,
/assets/minecraft/textures/block,peony_bottom.png,mcl_flowers_double_plant_paeonia_bottom.png,,,,,,,
/assets/minecraft/textures/block,peony_top.png,mcl_flowers_double_plant_paeonia_top.png,,,,,,,
/assets/minecraft/textures/block,rose_bush_bottom.png,mcl_flowers_double_plant_rose_bottom.png,,,,,,,
/assets/minecraft/textures/block,rose_bush_top.png,mcl_flowers_double_plant_rose_top.png,,,,,,,
/assets/minecraft/textures/block,sunflower_back.png,mcl_flowers_double_plant_sunflower_back.png,,,,,,,
/assets/minecraft/textures/block,sunflower_bottom.png,mcl_flowers_double_plant_sunflower_bottom.png,,,,,,,
/assets/minecraft/textures/block,sunflower_front.png,mcl_flowers_double_plant_sunflower_front.png,,,,,,,
/assets/minecraft/textures/block,sunflower_top.png,mcl_flowers_double_plant_sunflower_top.png,,,,,,,
/assets/minecraft/textures/block,lilac_bottom.png,mcl_flowers_double_plant_syringa_bottom.png,,,,,,,
/assets/minecraft/textures/block,lilac_top.png,mcl_flowers_double_plant_syringa_top.png,,,,,,,
/assets/minecraft/textures/block,tall_grass_bottom.png,mcl_flowers_double_plant_grass_bottom.png,,,,,,,
/assets/minecraft/textures/block,tall_grass_top.png,mcl_flowers_double_plant_grass_top.png,,,,,,,
/assets/minecraft/textures/block,large_fern_bottom.png,mcl_flowers_double_plant_fern_bottom.png,,,,,,,
/assets/minecraft/textures/block,large_fern_top.png,mcl_flowers_double_plant_fern_top.png,,,,,,,
/assets/minecraft/textures/block,grass.png,mcl_flowers_tallgrass.png,,,,,,,
/assets/minecraft/textures/block,fern.png,mcl_flowers_fern.png,,,,,,,
/assets/minecraft/textures/block,oxeye_daisy.png,mcl_flowers_oxeye_daisy.png,,,,,,,
/assets/minecraft/textures/block,red_tulip.png,mcl_flowers_poppy.png,,,,,,,
/assets/minecraft/textures/block,pink_tulip.png,mcl_flowers_tulip_pink.png,,,,,,,
/assets/minecraft/textures/block,red_tulip.png,mcl_flowers_tulip_red.png,,,,,,,
/assets/minecraft/textures/block,white_tulip.png,mcl_flowers_tulip_white.png,,,,,,,
/assets/minecraft/textures/block,dandelion.png,flowers_dandelion_yellow.png,,,,,,,
/assets/minecraft/textures/block,orange_tulip.png,flowers_tulip.png,,,,,,,
/assets/minecraft/textures/block,furnace_front.png,default_furnace_front.png,,,,,,,
/assets/minecraft/textures/block,furnace_front_on.png,default_furnace_front_active.png,,,,,,,
/assets/minecraft/textures/block,furnace_side.png,default_furnace_side.png,,,,,,,
/assets/minecraft/textures/block,furnace_top.png,default_furnace_top.png,,,,,,,
/assets/minecraft/textures/block,furnace_top.png,default_furnace_bottom.png,,,,,,,
/assets/minecraft/textures/block,hopper_inside.png,mcl_hoppers_hopper_inside.png,,,,,,,
/assets/minecraft/textures/block,hopper_outside.png,mcl_hoppers_hopper_outside.png,,,,,,,
/assets/minecraft/textures/block,hopper_top.png,mcl_hoppers_hopper_top.png,,,,,,,
/assets/minecraft/textures/item,hopper.png,mcl_hoppers_item.png,,,,,,,
/assets/minecraft/textures/item,music_disc_11.png,mcl_jukebox_record_11.png,,,,,,,
/assets/minecraft/textures/item,music_disc_13.png,mcl_jukebox_record_13.png,,,,,,,
/assets/minecraft/textures/item,music_disc_cat.png,mcl_jukebox_record_cat.png,,,,,,,
/assets/minecraft/textures/item,music_disc_chirp.png,mcl_jukebox_record_chirp.png,,,,,,,
/assets/minecraft/textures/item,music_disc_far.png,mcl_jukebox_record_far.png,,,,,,,
/assets/minecraft/textures/item,music_disc_mall.png,mcl_jukebox_record_mall.png,,,,,,,
/assets/minecraft/textures/item,music_disc_mellohi.png,mcl_jukebox_record_mellohi.png,,,,,,,
/assets/minecraft/textures/item,music_disc_stal.png,mcl_jukebox_record_stal.png,,,,,,,
/assets/minecraft/textures/item,music_disc_strad.png,mcl_jukebox_record_strad.png,,,,,,,
/assets/minecraft/textures/item,music_disc_wait.png,mcl_jukebox_record_wait.png,,,,,,,
/assets/minecraft/textures/item,music_disc_ward.png,mcl_jukebox_record_ward.png,,,,,,,
/assets/minecraft/textures/block,jukebox_side.png,mcl_jukebox_side.png,,,,,,,
/assets/minecraft/textures/block,jukebox_top.png,mcl_jukebox_top.png,,,,,,,
/assets/minecraft/textures/item,map.png,mcl_maps_map_empty.png,,,,,,,
/assets/minecraft/textures/item,filled_map_markings.png,mcl_maps_map_filled_markings.png,,,,,,,
/assets/minecraft/textures/item,filled_map.png,mcl_maps_map_filled.png,,,,,,,
/assets/minecraft/textures/block,powered_rail.png,mcl_minecarts_rail_golden.png,,,,,,,
/assets/minecraft/textures/block,powered_rail_on.png,mcl_minecarts_rail_golden_powered.png,,,,,,,
/assets/minecraft/textures/block,rail_corner.png,default_rail_curved.png,,,,,,,
/assets/minecraft/textures/block,rail.png,default_rail.png,,,,,,,
/assets/minecraft/textures/block,detector_rail.png,mcl_minecarts_rail_detector.png,,,,,,,
/assets/minecraft/textures/block,detector_rail_on.png,mcl_minecarts_rail_detector_powered.png,,,,,,,
/assets/minecraft/textures/block,activator_rail.png,mcl_minecarts_rail_activator.png,,,,,,,
/assets/minecraft/textures/block,activator_rail_on.png,mcl_minecarts_rail_activator_powered.png,,,,,,,
/assets/minecraft/textures/item,minecart.png,mcl_minecarts_minecart_normal.png,,,,,,,
/assets/minecraft/textures/item,chest_minecart.png,mcl_minecarts_minecart_chest.png,,,,,,,
/assets/minecraft/textures/item,tnt_minecart.png,mcl_minecarts_minecart_tnt.png,,,,,,,
/assets/minecraft/textures/item,command_block_minecart.png,mcl_minecarts_minecart_command_block.png,,,,,,,
/assets/minecraft/textures/item,furnace_minecart.png,mcl_minecarts_minecart_furnace.png,,,,,,,
/assets/minecraft/textures/item,hopper_minecart.png,mcl_minecarts_minecart_hopper.png,,,,,,,
/assets/minecraft/textures/item,gunpowder.png,default_gunpowder.png,,,,,,,
/assets/minecraft/textures/item,cooked_beef.png,mcl_mobitems_beef_cooked.png,,,,,,,
/assets/minecraft/textures/item,beef.png,mcl_mobitems_beef_raw.png,,,,,,,
/assets/minecraft/textures/item,blaze_powder.png,mcl_mobitems_blaze_powder.png,,,,,,,
/assets/minecraft/textures/item,blaze_rod.png,mcl_mobitems_blaze_rod.png,,,,,,,
/assets/minecraft/textures/item,bone.png,mcl_mobitems_bone.png,,,,,,,
/assets/minecraft/textures/item,milk_bucket.png,mcl_mobitems_bucket_milk.png,,,,,,,
/assets/minecraft/textures/item,carrot_on_a_stick.png,mcl_mobitems_carrot_on_a_stick.png,,,,,,,
/assets/minecraft/textures/item,cooked_chicken.png,mcl_mobitems_chicken_cooked.png,,,,,,,
/assets/minecraft/textures/item,chicken.png,mcl_mobitems_chicken_raw.png,,,,,,,
/assets/minecraft/textures/item,feather.png,mcl_mobitems_feather.png,,,,,,,
/assets/minecraft/textures/item,ghast_tear.png,mcl_mobitems_ghast_tear.png,,,,,,,
/assets/minecraft/textures/item,leather.png,mcl_mobitems_leather.png,,,,,,,
/assets/minecraft/textures/item,magma_cream.png,mcl_mobitems_magma_cream.png,,,,,,,
/assets/minecraft/textures/item,cooked_mutton.png,mcl_mobitems_mutton_cooked.png,,,,,,,
/assets/minecraft/textures/item,mutton.png,mcl_mobitems_mutton_raw.png,,,,,,,
/assets/minecraft/textures/item,nether_star.png,mcl_mobitems_nether_star.png,,,,,,,
/assets/minecraft/textures/item,cooked_porkchop.png,mcl_mobitems_porkchop_cooked.png,,,,,,,
/assets/minecraft/textures/item,porkchop.png,mcl_mobitems_porkchop_raw.png,,,,,,,
/assets/minecraft/textures/item,cooked_rabbit.png,mcl_mobitems_rabbit_cooked.png,,,,,,,
/assets/minecraft/textures/item,rabbit_foot.png,mcl_mobitems_rabbit_foot.png,,,,,,,
/assets/minecraft/textures/item,rabbit_hide.png,mcl_mobitems_rabbit_hide.png,,,,,,,
/assets/minecraft/textures/item,rabbit.png,mcl_mobitems_rabbit_raw.png,,,,,,,
/assets/minecraft/textures/item,rabbit_stew.png,mcl_mobitems_rabbit_stew.png,,,,,,,
/assets/minecraft/textures/item,rotten_flesh.png,mcl_mobitems_rotten_flesh.png,,,,,,,
/assets/minecraft/textures/item,saddle.png,mcl_mobitems_saddle.png,,,,,,,
/assets/minecraft/textures/item,shulker_shell.png,mcl_mobitems_shulker_shell.png,,,,,,,
/assets/minecraft/textures/item,slime_ball.png,mcl_mobitems_slimeball.png,,,,,,,
/assets/minecraft/textures/item,spider_eye.png,mcl_mobitems_spider_eye.png,,,,,,,
/assets/minecraft/textures/item,string.png,mcl_mobitems_string.png,,,,,,,
/assets/minecraft/textures/block,spawner.png,mob_spawner.png,,,,,,,
/assets/minecraft/textures/block,brown_mushroom.png,farming_mushroom_brown.png,,,,,,,
/assets/minecraft/textures/block,red_mushroom.png,farming_mushroom_red.png,,,,,,,
/assets/minecraft/textures/item,mushroom_stew.png,farming_mushroom_stew.png,,,,,,,
/assets/minecraft/textures/block,mushroom_block_inside.png,mcl_mushrooms_mushroom_block_inside.png,,,,,,,
/assets/minecraft/textures/block,brown_mushroom_block.png,mcl_mushrooms_mushroom_block_skin_brown.png,,,,,,,
/assets/minecraft/textures/block,red_mushroom_block.png,mcl_mushrooms_mushroom_block_skin_red.png,,,,,,,
/assets/minecraft/textures/block,mushroom_stem.png,mcl_mushrooms_mushroom_block_skin_stem.png,,,,,,,
/assets/minecraft/textures/item,glowstone_dust.png,mcl_nether_glowstone_dust.png,,,,,,,
/assets/minecraft/textures/block,glowstone.png,mcl_nether_glowstone.png,,,,,,,
/assets/minecraft/textures/block,magma.png,mcl_nether_magma.png,,,,,,,
/assets/minecraft/textures/block,nether_bricks.png,mcl_nether_nether_brick.png,,,,,,,
/assets/minecraft/textures/item,nether_brick.png,mcl_nether_netherbrick.png,,,,,,,
/assets/minecraft/textures/block,netherrack.png,mcl_nether_netherrack.png,,,,,,,
/assets/minecraft/textures/block,nether_wart_block.png,mcl_nether_nether_wart_block.png,,,,,,,
/assets/minecraft/textures/item,nether_wart.png,mcl_nether_nether_wart.png,,,,,,,
/assets/minecraft/textures/block,nether_wart_stage0.png,mcl_nether_nether_wart_stage_0.png,,,,,,,
/assets/minecraft/textures/block,nether_wart_stage1.png,mcl_nether_nether_wart_stage_1.png,,,,,,,
/assets/minecraft/textures/block,nether_wart_stage2.png,mcl_nether_nether_wart_stage_2.png,,,,,,,
/assets/minecraft/textures/block,quartz_block_bottom.png,mcl_nether_quartz_block_bottom.png,,,,,,,
/assets/minecraft/textures/block,quartz_block_side.png,mcl_nether_quartz_block_side.png,,,,,,,
/assets/minecraft/textures/block,quartz_block_top.png,mcl_nether_quartz_block_top.png,,,,,,,
/assets/minecraft/textures/block,chiseled_quartz_block.png,mcl_nether_quartz_chiseled_side.png,,,,,,,
/assets/minecraft/textures/block,chiseled_quartz_block_top.png,mcl_nether_quartz_chiseled_top.png,,,,,,,
/assets/minecraft/textures/block,nether_quartz_ore.png,mcl_nether_quartz_ore.png,,,,,,,
/assets/minecraft/textures/block,quartz_pillar.png,mcl_nether_quartz_pillar_side.png,,,,,,,
/assets/minecraft/textures/block,quartz_pillar_top.png,mcl_nether_quartz_pillar_top.png,,,,,,,
/assets/minecraft/textures/item,quartz.png,mcl_nether_quartz.png,,,,,,,
/assets/minecraft/textures/block,red_nether_bricks.png,mcl_nether_red_nether_brick.png,,,,,,,
/assets/minecraft/textures/block,soul_sand.png,mcl_nether_soul_sand.png,,,,,,,
/assets/minecraft/textures/block,prismarine.png,mcl_ocean_prismarine_anim.png,,,,,,,
/assets/minecraft/textures/block,prismarine_bricks.png,mcl_ocean_prismarine_bricks.png,,,,,,,
/assets/minecraft/textures/item,prismarine_crystals.png,mcl_ocean_prismarine_crystals.png,,,,,,,
/assets/minecraft/textures/block,dark_prismarine.png,mcl_ocean_prismarine_dark.png,,,,,,,
/assets/minecraft/textures/item,prismarine_shard.png,mcl_ocean_prismarine_shard.png,,,,,,,
/assets/minecraft/textures/block,sea_lantern.png,mcl_ocean_sea_lantern.png,,,,,,,
/assets/minecraft/textures/item,dragon_breath.png,mcl_potions_dragon_breath.png,,,,,,,
/assets/minecraft/textures/item,glistering_melon_slice.png,mcl_potions_melon_speckled.png,,,,,,,
/assets/minecraft/textures/item,potion.png,mcl_potions_potion_bottle.png,,,,,,,
/assets/minecraft/textures/item,splash_potion.png,mcl_potions_splash_bottle.png,,,,,,,
/assets/minecraft/textures/item,lingering_potion.png,mcl_potions_lingering_bottle.png,,,,,,,
/assets/minecraft/textures/item,potion_overlay.png,mcl_potions_potion_overlay.png,,,,,,,
/assets/minecraft/textures/item,potion_overlay.png,mcl_potions_splash_overlay.png,,,,,,,
/assets/minecraft/textures/item,fermented_spider_eye.png,mcl_potions_spider_eye_fermented.png,,,,,,,
/assets/minecraft/textures/block,sponge.png,mcl_sponges_sponge.png,,,,,,,
/assets/minecraft/textures/block,wet_sponge.png,mcl_sponges_sponge_wet.png,,,,,,,
/assets/minecraft/textures/block,wet_sponge.png,mcl_sponges_sponge_wet_river_water.png,,,,,,,
/assets/minecraft/textures/block,smooth_stone_slab_side.png,mcl_stairs_stone_slab_side.png,,,,,,,
/assets/minecraft/textures/block,smooth_stone.png,mcl_stairs_stone_slab_top.png,,,,,,,
/assets/minecraft/textures/item,arrow.png,mcl_bows_arrow_inv.png,,,,,,,
/assets/minecraft/textures/item,bow_pulling_0.png,mcl_bows_bow_0.png,,,,,,,
/assets/minecraft/textures/item,bow_pulling_1.png,mcl_bows_bow_1.png,,,,,,,
/assets/minecraft/textures/item,bow_pulling_2.png,mcl_bows_bow_2.png,,,,,,,
/assets/minecraft/textures/item,bow.png,mcl_bows_bow.png,,,,,,,
/assets/minecraft/textures/item,egg.png,mcl_throwing_egg.png,,,,,,,
/assets/minecraft/textures/item,ender_pearl.png,mcl_throwing_ender_pearl.png,,,,,,,
/assets/minecraft/textures/item,snowball.png,mcl_throwing_snowball.png,,,,,,,
/assets/minecraft/textures/block,tnt_bottom.png,default_tnt_bottom.png,,,,,,,
/assets/minecraft/textures/block,tnt_side.png,default_tnt_side.png,,,,,,,
/assets/minecraft/textures/block,tnt_top.png,default_tnt_top.png,,,,,,,
/assets/minecraft/textures/item,netherite_axe.png,default_tool_netheriteaxe.png,,,,,,,
/assets/minecraft/textures/item,netherite_pickaxe.png,default_tool_netheritepick.png,,,,,,,
/assets/minecraft/textures/item,netherite_shovel.png,default_tool_netheriteshovel.png,,,,,,,
/assets/minecraft/textures/item,netherite_sword.png,default_tool_netheritesword.png,,,,,,,
/assets/minecraft/textures/item,diamond_axe.png,default_tool_diamondaxe.png,,,,,,,
/assets/minecraft/textures/item,diamond_pickaxe.png,default_tool_diamondpick.png,,,,,,,
/assets/minecraft/textures/item,diamond_shovel.png,default_tool_diamondshovel.png,,,,,,,
/assets/minecraft/textures/item,diamond_sword.png,default_tool_diamondsword.png,,,,,,,
/assets/minecraft/textures/item,golden_axe.png,default_tool_goldaxe.png,,,,,,,
/assets/minecraft/textures/item,golden_pickaxe.png,default_tool_goldpick.png,,,,,,,
/assets/minecraft/textures/item,golden_shovel.png,default_tool_goldshovel.png,,,,,,,
/assets/minecraft/textures/item,golden_sword.png,default_tool_goldsword.png,,,,,,,
/assets/minecraft/textures/item,shears.png,default_tool_shears.png,,,,,,,
/assets/minecraft/textures/item,iron_axe.png,default_tool_steelaxe.png,,,,,,,
/assets/minecraft/textures/item,iron_pickaxe.png,default_tool_steelpick.png,,,,,,,
/assets/minecraft/textures/item,iron_shovel.png,default_tool_steelshovel.png,,,,,,,
/assets/minecraft/textures/item,iron_sword.png,default_tool_steelsword.png,,,,,,,
/assets/minecraft/textures/item,stone_axe.png,default_tool_stoneaxe.png,,,,,,,
/assets/minecraft/textures/item,stone_pickaxe.png,default_tool_stonepick.png,,,,,,,
/assets/minecraft/textures/item,stone_shovel.png,default_tool_stoneshovel.png,,,,,,,
/assets/minecraft/textures/item,stone_sword.png,default_tool_stonesword.png,,,,,,,
/assets/minecraft/textures/item,wooden_axe.png,default_tool_woodaxe.png,,,,,,,
/assets/minecraft/textures/item,wooden_pickaxe.png,default_tool_woodpick.png,,,,,,,
/assets/minecraft/textures/item,wooden_shovel.png,default_tool_woodshovel.png,,,,,,,
/assets/minecraft/textures/item,wooden_sword.png,default_tool_woodsword.png,,,,,,,
/assets/minecraft/textures/block,torch.png,default_torch_on_floor_animated.png,,,,,,,
/assets/minecraft/textures/block,torch.png,default_torch_on_floor.png,,,,,,,
/assets/minecraft/textures/block,black_wool.png,wool_black.png,,,,,,,
/assets/minecraft/textures/block,blue_wool.png,wool_blue.png,,,,,,,
/assets/minecraft/textures/block,brown_wool.png,wool_brown.png,,,,,,,
/assets/minecraft/textures/block,cyan_wool.png,wool_cyan.png,,,,,,,
/assets/minecraft/textures/block,gray_wool.png,wool_dark_grey.png,,,,,,,
/assets/minecraft/textures/block,green_wool.png,wool_dark_green.png,,,,,,,
/assets/minecraft/textures/block,light_gray_wool.png,wool_grey.png,,,,,,,
/assets/minecraft/textures/block,light_blue_wool.png,mcl_wool_light_blue.png,,,,,,,
/assets/minecraft/textures/block,lime_wool.png,mcl_wool_lime.png,,,,,,,
/assets/minecraft/textures/block,magenta_wool.png,wool_magenta.png,,,,,,,
/assets/minecraft/textures/block,orange_wool.png,wool_orange.png,,,,,,,
/assets/minecraft/textures/block,pink_wool.png,wool_pink.png,,,,,,,
/assets/minecraft/textures/block,red_wool.png,wool_red.png,,,,,,,
/assets/minecraft/textures/block,purple_wool.png,wool_violet.png,,,,,,,
/assets/minecraft/textures/block,white_wool.png,wool_white.png,,,,,,,
/assets/minecraft/textures/block,yellow_wool.png,wool_yellow.png,,,,,,,
/assets/minecraft/textures/item,chainmail_boots.png,mcl_armor_inv_boots_chain.png,,,,,,,
/assets/minecraft/textures/item,diamond_boots.png,mcl_armor_inv_boots_diamond.png,,,,,,,
/assets/minecraft/textures/item,golden_boots.png,mcl_armor_inv_boots_gold.png,,,,,,,
/assets/minecraft/textures/item,iron_boots.png,mcl_armor_inv_boots_iron.png,,,,,,,
/assets/minecraft/textures/item,leather_boots.png,mcl_armor_inv_boots_leather.png,,,,,,,
/assets/minecraft/textures/item,chainmail_chestplate.png,mcl_armor_inv_chestplate_chain.png,,,,,,,
/assets/minecraft/textures/item,diamond_chestplate.png,mcl_armor_inv_chestplate_diamond.png,,,,,,,
/assets/minecraft/textures/item,golden_chestplate.png,mcl_armor_inv_chestplate_gold.png,,,,,,,
/assets/minecraft/textures/item,iron_chestplate.png,mcl_armor_inv_chestplate_iron.png,,,,,,,
/assets/minecraft/textures/item,leather_chestplate.png,mcl_armor_inv_chestplate_leather.png,,,,,,,
/assets/minecraft/textures/item,chainmail_helmet.png,mcl_armor_inv_helmet_chain.png,,,,,,,
/assets/minecraft/textures/item,diamond_helmet.png,mcl_armor_inv_helmet_diamond.png,,,,,,,
/assets/minecraft/textures/item,golden_helmet.png,mcl_armor_inv_helmet_gold.png,,,,,,,
/assets/minecraft/textures/item,iron_helmet.png,mcl_armor_inv_helmet_iron.png,,,,,,,
/assets/minecraft/textures/item,leather_helmet.png,mcl_armor_inv_helmet_leather.png,,,,,,,
/assets/minecraft/textures/item,chainmail_leggings.png,mcl_armor_inv_leggings_chain.png,,,,,,,
/assets/minecraft/textures/item,diamond_leggings.png,mcl_armor_inv_leggings_diamond.png,,,,,,,
/assets/minecraft/textures/item,golden_leggings.png,mcl_armor_inv_leggings_gold.png,,,,,,,
/assets/minecraft/textures/item,iron_leggings.png,mcl_armor_inv_leggings_iron.png,,,,,,,
/assets/minecraft/textures/item,leather_leggings.png,mcl_armor_inv_leggings_leather.png,,,,,,,
/assets/minecraft/textures/item,armor_stand.png,mcl_armor_stand_item.png,,,,,,,
/assets/minecraft/textures/block,dispenser_front.png,mcl_dispensers_dispenser_front_horizontal.png,,,,,,,
/assets/minecraft/textures/block,dispenser_front_vertical.png,mcl_dispensers_dispenser_front_vertical.png,,,,,,,
/assets/minecraft/textures/block,dropper_front.png,mcl_droppers_dropper_front_horizontal.png,,,,,,,
/assets/minecraft/textures/block,dropper_front_vertical.png,mcl_droppers_dropper_front_vertical.png,,,,,,,
/assets/minecraft/textures/block,observer_back_on.png,mcl_observers_observer_back_lit.png,,,,,,,
/assets/minecraft/textures/block,observer_back.png,mcl_observers_observer_back.png,,,,,,,
/assets/minecraft/textures/block,observer_front.png,mcl_observers_observer_front.png,,,,,,,
/assets/minecraft/textures/block,observer_side.png,mcl_observers_observer_side.png,,,,,,,
/assets/minecraft/textures/block,observer_top.png,mcl_observers_observer_top.png,,,,,,,
/assets/minecraft/textures/item,redstone.png,redstone_redstone_dust.png,,,,,,,
/assets/minecraft/textures/item,repeater.png,mesecons_delayer_item.png,,,,,,,
/assets/minecraft/textures/item,comparator.png,mcl_comparators_item.png,,,,,,,
/assets/minecraft/textures/block,repeater.png,mesecons_delayer_off.png,,,,,,,
/assets/minecraft/textures/block,repeater_on.png,mesecons_delayer_on.png,,,,,,,
/assets/minecraft/textures/block,note_block.png,mesecons_noteblock.png,,,,,,,
/assets/minecraft/textures/block,command_block_back.png,jeija_commandblock_off.png,,,,,,,
/assets/minecraft/textures/block,command_block_back.png,jeija_commandblock_on.png,,,,,,,
/assets/minecraft/textures/block,redstone_lamp.png,jeija_lightstone_gray_off.png,,,,,,,
/assets/minecraft/textures/block,redstone_lamp_on.png,jeija_lightstone_gray_on.png,,,,,,,
/assets/minecraft/textures/block,daylight_detector_inverted_top.png,jeija_solar_panel_inverted.png,,,,,,,
/assets/minecraft/textures/block,daylight_detector_top.png,jeija_solar_panel.png,,,,,,,
/assets/minecraft/textures/block,daylight_detector_side.png,jeija_solar_panel_side.png,,,,,,,
/assets/minecraft/textures/block,redstone_torch_off.png,jeija_torches_off.png,,,,,,,
/assets/minecraft/textures/block,redstone_torch.png,jeija_torches_on.png,,,,,,,
/assets/minecraft/textures/block,lever.png,jeija_wall_lever.png,,,,,,,
/assets/minecraft/textures/block,piston_bottom.png,mesecons_piston_back.png,,,,,,,
/assets/minecraft/textures/block,piston_side.png,mesecons_piston_bottom.png,,,,,,,
/assets/minecraft/textures/block,piston_inner.png,mesecons_piston_on_front.png,,,,,,,
/assets/minecraft/textures/block,piston_top.png,mesecons_piston_pusher_back.png,,,,,,,
/assets/minecraft/textures/block,piston_top.png,mesecons_piston_pusher_bottom.png,,,,,,,
/assets/minecraft/textures/block,piston_top.png,mesecons_piston_pusher_front.png,,,,,,,
/assets/minecraft/textures/block,piston_top_sticky.png,mesecons_piston_pusher_front_sticky.png,,,,,,,
/assets/minecraft/textures/block,piston_top.png,mesecons_piston_pusher_left.png,,,,,,,
/assets/minecraft/textures/block,piston_top.png,mesecons_piston_pusher_right.png,,,,,,,
/assets/minecraft/textures/block,piston_top.png,mesecons_piston_pusher_top.png,,,,,,,
/assets/minecraft/textures/block,redstone_block.png,redstone_redstone_block.png,,,,,,,
/assets/minecraft/textures/block,iron_bars.png,xpanes_pane_iron.png,,,,,,,
/assets/minecraft/textures/block,glass_pane_top.png,xpanes_top_glass_natural.png,,,,,,,
/assets/minecraft/textures/item,totem_of_undying.png,mcl_totems_totem.png,,,,,,,
/assets/minecraft/textures/entity,bat.png,mobs_mc_bat.png,,,,,,,
/assets/minecraft/textures/entity,blaze.png,mobs_mc_blaze.png,,,,,,,
/assets/minecraft/textures/entity/cat,black.png,mobs_mc_cat_black.png,,,,,,,
/assets/minecraft/textures/entity/cat,ocelot.png,mobs_mc_cat_ocelot.png,,,,,,,
/assets/minecraft/textures/entity/cat,red.png,mobs_mc_cat_red.png,,,,,,,
/assets/minecraft/textures/entity/cat,siamese.png,mobs_mc_cat_siamese.png,,,,,,,
/assets/minecraft/textures/entity/spider,cave_spider.png,mobs_mc_cave_spider.png,,,,,,,
/assets/minecraft/textures/entity,chicken.png,mobs_mc_chicken.png,,,,,,,
/assets/minecraft/textures/entity/cow,cow.png,mobs_mc_cow.png,,,,,,,
/assets/minecraft/textures/entity/creeper,creeper.png,mobs_mc_creeper.png,,,,,,,
/assets/minecraft/textures/item,diamond_horse_armor.png,mobs_mc_diamond_horse_armor.png,,,,,,,
/assets/minecraft/textures/entity/horse,donkey.png,mobs_mc_donkey.png,,,,,,,
/assets/minecraft/textures/entity/enderdragon,dragon.png,mobs_mc_dragon.png,,,,,,,
/assets/minecraft/textures/entity/shulker,shulker.png,mobs_mc_endergolem.png,,,,,,,
/assets/minecraft/textures/entity/enderman,enderman_eyes.png,mobs_mc_enderman_eyes.png,,,,,,,
/assets/minecraft/textures/entity/enderman,enderman.png,mobs_mc_enderman.png,,,,,,,
/assets/minecraft/textures/entity,endermite.png,mobs_mc_endermite.png,,,,,,,
/assets/minecraft/textures/entity/ghast,ghast.png,mobs_mc_ghast.png,,,,,,,
/assets/minecraft/textures/item,golden_horse_armor.png,mobs_mc_gold_horse_armor.png,,,,,,,
/assets/minecraft/textures/entity,guardian_elder.png,mobs_mc_guardian_elder.png,,,,,,,
/assets/minecraft/textures/entity,guardian.png,mobs_mc_guardian.png,,,,,,,
/assets/minecraft/textures/entity/horse/armor,horse_armor_diamond.png,mobs_mc_horse_armor_diamond.png,,,,,,,
/assets/minecraft/textures/entity/horse/armor,horse_armor_gold.png,mobs_mc_horse_armor_gold.png,,,,,,,
/assets/minecraft/textures/entity/horse/armor,horse_armor_iron.png,mobs_mc_horse_armor_iron.png,,,,,,,
/assets/minecraft/textures/entity/horse,horse_black.png,mobs_mc_horse_black.png,,,,,,,
/assets/minecraft/textures/entity/horse,horse_brown.png,mobs_mc_horse_brown.png,,,,,,,
/assets/minecraft/textures/entity/horse,horse_chestnut.png,mobs_mc_horse_chestnut.png,,,,,,,
/assets/minecraft/textures/entity/horse,horse_darkbrown.png,mobs_mc_horse_darkbrown.png,,,,,,,
/assets/minecraft/textures/entity/horse,horse_gray.png,mobs_mc_horse_gray.png,,,,,,,
/assets/minecraft/textures/entity/horse,horse_creamy.png,mobs_mc_horse_creamy.png,,,,,,,
/assets/minecraft/textures/entity/horse,horse_markings_blackdots.png,mobs_mc_horse_markings_blackdots.png,,,,,,,
/assets/minecraft/textures/entity/horse,horse_markings_whitedots.png,mobs_mc_horse_markings_whitedots.png,,,,,,,
/assets/minecraft/textures/entity/horse,horse_markings_whitefield.png,mobs_mc_horse_markings_whitefield.png,,,,,,,
/assets/minecraft/textures/entity/horse,horse_markings_white.png,mobs_mc_horse_markings_white.png,,,,,,,
/assets/minecraft/textures/entity/horse,horse_white.png,mobs_mc_horse_white.png,,,,,,,
/assets/minecraft/textures/entity/horse,horse_zombie.png,mobs_mc_horse_zombie.png,,,,,,,
/assets/minecraft/textures/entity/zombie,husk.png,mobs_mc_husk.png,,,,,,,
/assets/minecraft/textures/entity/iron_golem,iron_golem.png,mobs_mc_iron_golem.png,,,,,,,
/assets/minecraft/textures/item,iron_horse_armor.png,mobs_mc_iron_horse_armor.png,,,,,,,
/assets/minecraft/textures/entity/slime,magmacube.png,mobs_mc_magmacube.png,,,,,,,
/assets/minecraft/textures/entity/cow,red_mooshroom.png,mobs_mc_mooshroom.png,,,,,,,
/assets/minecraft/textures/entity/horse,mule.png,mobs_mc_mule.png,,,,,,,
/assets/minecraft/textures/entity/pig,pig.png,mobs_mc_pig.png,,,,,,,
/assets/minecraft/textures/entity/pig,pig_saddle.png,mobs_mc_pig_saddle.png,,,,,,,
/assets/minecraft/textures/entity/bear,polarbear.png,mobs_mc_polarbear.png,,,,,,,
/assets/minecraft/textures/entity/rabbit,black.png,mobs_mc_rabbit_black.png,,,,,,,
/assets/minecraft/textures/entity/rabbit,brown.png,mobs_mc_rabbit_brown.png,,,,,,,
/assets/minecraft/textures/entity/rabbit,caerbannog.png,mobs_mc_rabbit_caerbannog.png,,,,,,,
/assets/minecraft/textures/entity/rabbit,gold.png,mobs_mc_rabbit_gold.png,,,,,,,
/assets/minecraft/textures/entity/rabbit,salt.png,mobs_mc_rabbit_salt.png,,,,,,,
/assets/minecraft/textures/entity/rabbit,toast.png,mobs_mc_rabbit_toast.png,,,,,,,
/assets/minecraft/textures/entity/rabbit,white.png,mobs_mc_rabbit_white.png,,,,,,,
/assets/minecraft/textures/entity/rabbit,white_splotched.png,mobs_mc_rabbit_white_splotched.png,,,,,,,
/assets/minecraft/textures/entity/sheep,sheep_fur.png,mobs_mc_sheep_fur.png,,,,,,,
/assets/minecraft/textures/entity/sheep,sheep.png,mobs_mc_sheep.png,,,,,,,
/assets/minecraft/textures/entity/shulker,shulker_black.png,mobs_mc_shulker_black.png,,,,,,,y
/assets/minecraft/textures/entity/shulker,shulker_blue.png,mobs_mc_shulker_blue.png,,,,,,,y
/assets/minecraft/textures/entity/shulker,shulker_brown.png,mobs_mc_shulker_brown.png,,,,,,,y
/assets/minecraft/textures/entity/shulker,shulker_cyan.png,mobs_mc_shulker_cyan.png,,,,,,,y
/assets/minecraft/textures/entity/shulker,shulker_gray.png,mobs_mc_shulker_gray.png,,,,,,,y
/assets/minecraft/textures/entity/shulker,shulker_green.png,mobs_mc_shulker_green.png,,,,,,,y
/assets/minecraft/textures/entity/shulker,shulker_light_blue.png,mobs_mc_shulker_light_blue.png,,,,,,,y
/assets/minecraft/textures/entity/shulker,shulker_lime.png,mobs_mc_shulker_lime.png,,,,,,,y
/assets/minecraft/textures/entity/shulker,shulker_magenta.png,mobs_mc_shulker_magenta.png,,,,,,,y
/assets/minecraft/textures/entity/shulker,shulker_orange.png,mobs_mc_shulker_orange.png,,,,,,,y
/assets/minecraft/textures/entity/shulker,shulker_pink.png,mobs_mc_shulker_pink.png,,,,,,,y
/assets/minecraft/textures/entity/shulker,shulker_purple.png,mobs_mc_shulker_purple.png,,,,,,,y
/assets/minecraft/textures/entity/shulker,shulker_red.png,mobs_mc_shulker_red.png,,,,,,,y
/assets/minecraft/textures/entity/shulker,shulker_silver.png,mobs_mc_shulker_silver.png,,,,,,,y
/assets/minecraft/textures/entity/shulker,shulker_white.png,mobs_mc_shulker_white.png,,,,,,,y
/assets/minecraft/textures/entity/shulker,shulker_yellow.png,mobs_mc_shulker_yellow.png,,,,,,,y
/assets/minecraft/textures/entity,silverfish.png,mobs_mc_silverfish.png,,,,,,,
/assets/minecraft/textures/entity/skeleton,skeleton.png,mobs_mc_skeleton.png,,,,,,,
/assets/minecraft/textures/entity/slime,slime.png,mobs_mc_slime.png,,,,,,,
/assets/minecraft/textures/entity,snow_golem.png,mobs_mc_snowman.png,,,,,,,
/assets/minecraft/textures/entity,spider_eyes.png,mobs_mc_spider_eyes.png,,,,,,,
/assets/minecraft/textures/entity/spider,spider.png,mobs_mc_spider.png,,,,,,,
/assets/minecraft/textures/entity/squid,squid.png,mobs_mc_squid.png,,,,,,,
/assets/minecraft/textures/entity/skeleton,stray.png,mobs_mc_stray.png,,,,,,,
/assets/minecraft/textures/entity/skeleton,stray_overlay.png,mobs_mc_stray_overlay.png,,,,,,,
/assets/minecraft/textures/entity/villager,villager.png,mobs_mc_villager.png,,,,,,,
/assets/minecraft/textures/entity/illager,vex.png,mobs_mc_vex.png,,,,,,,
/assets/minecraft/textures/entity/illager,vex_charging.png,mobs_mc_vex_charging.png,,,,,,,
/assets/minecraft/textures/entity/illager,vindicator.png,mobs_mc_vindicator.png,,,,,,,
/assets/minecraft/textures/entity/illager,evoker.png,mobs_mc_evoker.png,,,,,,,
/assets/minecraft/textures/entity/illager,illusioner.png,mobs_mc_illusionist.png,,,,,,,
/assets/minecraft/textures/entity,witch.png,mobs_mc_witch.png,,,,,,,
/assets/minecraft/textures/entity/wither,wither.png,mobs_mc_wither.png,,,,,,,
/assets/minecraft/textures/entity/skeleton,wither_skeleton.png,mobs_mc_wither_skeleton.png,,,,,,,
/assets/minecraft/textures/entity/wolf,wolf_angry.png,mobs_mc_wolf_angry.png,,,,,,,
/assets/minecraft/textures/entity/wolf,wolf_collar.png,mobs_mc_wolf_collar.png,,,,,,,
/assets/minecraft/textures/entity/wolf,wolf.png,mobs_mc_wolf.png,,,,,,,
/assets/minecraft/textures/entity/wolf,wolf_tame.png,mobs_mc_wolf_tame.png,,,,,,,
/assets/minecraft/textures/entity/zombie_villager,zombie_villager.png,mobs_mc_zombie_villager.png,,,,,,,
/assets/minecraft/textures/entity/piglin,zombified_piglin.png,mobs_mc_zombie_pigman.png,,,,,,,
/assets/minecraft/textures/entity/zombie,zombie.png,mobs_mc_zombie.png,,,,,,,
/assets/minecraft/textures/gui,icons.png,hbhunger_bgicon.png,16,27,9,9,0,0,y
/assets/minecraft/textures/gui,icons.png,hbhunger_icon_health_poison.png,88,0,9,9,0,0,y
/assets/minecraft/textures/gui,icons.png,hbhunger_icon.png,52,27,9,9,0,0,y
/assets/minecraft/textures/gui,icons.png,mcl_hunger_icon_foodpoison.png,88,27,9,9,0,0,y
/assets/minecraft/textures/particle,particles.png,mcl_particles_smoke.png,56,0,8,8,0,0,y
/assets/minecraft/textures/block,shulker_top_black.png,mcl_chests_black_shulker_box_top.png,,,,,,,y
/assets/minecraft/textures/block,shulker_top_blue.png,mcl_chests_blue_shulker_box_top.png,,,,,,,y
/assets/minecraft/textures/block,shulker_top_brown.png,mcl_chests_brown_shulker_box_top.png,,,,,,,y
/assets/minecraft/textures/block,shulker_top_cyan.png,mcl_chests_cyan_shulker_box_top.png,,,,,,,y
/assets/minecraft/textures/block,shulker_top_gray.png,mcl_chests_dark_grey_shulker_box_top.png,,,,,,,y
/assets/minecraft/textures/block,shulker_top_green.png,mcl_chests_dark_green_shulker_box_top.png,,,,,,,y
/assets/minecraft/textures/block,shulker_top_light_blue.png,mcl_chests_lightblue_shulker_box_top.png,,,,,,,y
/assets/minecraft/textures/block,shulker_top_lime.png,mcl_chests_green_shulker_box_top.png,,,,,,,y
/assets/minecraft/textures/block,shulker_top_magenta.png,mcl_chests_magenta_shulker_box_top.png,,,,,,,y
/assets/minecraft/textures/block,shulker_top_orange.png,mcl_chests_orange_shulker_box_top.png,,,,,,,y
/assets/minecraft/textures/block,shulker_top_pink.png,mcl_chests_pink_shulker_box_top.png,,,,,,,y
/assets/minecraft/textures/block,shulker_top_purple.png,mcl_chests_violet_shulker_box_top.png,,,,,,,y
/assets/minecraft/textures/block,shulker_top_red.png,mcl_chests_red_shulker_box_top.png,,,,,,,y
/assets/minecraft/textures/block,shulker_top_silver.png,mcl_chests_grey_shulker_box_top.png,,,,,,,y
/assets/minecraft/textures/block,shulker_top_white.png,mcl_chests_white_shulker_box_top.png,,,,,,,y
/assets/minecraft/textures/block,shulker_top_yellow.png,mcl_chests_yellow_shulker_box_top.png,,,,,,,y
/assets/minecraft/textures/item,flower_pot.png,mcl_flowerpots_flowerpot_inventory.png,,,,,,,
/assets/minecraft/textures/block,flower_pot.png,mcl_flowerpots_flowerpot.png,,,,,,,y
/assets/minecraft/textures/gui,widgets.png,mcl_inventory_hotbar.png,0,0,182,22,0,0,y
/assets/minecraft/textures/gui,widgets.png,mcl_inventory_hotbar_selected.png,0,22,24,24,0,0,y
/assets/minecraft/textures/item,compass_00.png,mcl_compass_compass_00.png,,,,,,,
/assets/minecraft/textures/item,compass_01.png,mcl_compass_compass_01.png,,,,,,,
/assets/minecraft/textures/item,compass_02.png,mcl_compass_compass_02.png,,,,,,,
/assets/minecraft/textures/item,compass_03.png,mcl_compass_compass_03.png,,,,,,,
/assets/minecraft/textures/item,compass_04.png,mcl_compass_compass_04.png,,,,,,,
/assets/minecraft/textures/item,compass_05.png,mcl_compass_compass_05.png,,,,,,,
/assets/minecraft/textures/item,compass_06.png,mcl_compass_compass_06.png,,,,,,,
/assets/minecraft/textures/item,compass_07.png,mcl_compass_compass_07.png,,,,,,,
/assets/minecraft/textures/item,compass_08.png,mcl_compass_compass_08.png,,,,,,,
/assets/minecraft/textures/item,compass_09.png,mcl_compass_compass_09.png,,,,,,,
/assets/minecraft/textures/item,compass_10.png,mcl_compass_compass_10.png,,,,,,,
/assets/minecraft/textures/item,compass_11.png,mcl_compass_compass_11.png,,,,,,,
/assets/minecraft/textures/item,compass_12.png,mcl_compass_compass_12.png,,,,,,,
/assets/minecraft/textures/item,compass_13.png,mcl_compass_compass_13.png,,,,,,,
/assets/minecraft/textures/item,compass_14.png,mcl_compass_compass_14.png,,,,,,,
/assets/minecraft/textures/item,compass_15.png,mcl_compass_compass_15.png,,,,,,,
/assets/minecraft/textures/item,compass_16.png,mcl_compass_compass_16.png,,,,,,,
/assets/minecraft/textures/item,compass_17.png,mcl_compass_compass_17.png,,,,,,,
/assets/minecraft/textures/item,compass_18.png,mcl_compass_compass_18.png,,,,,,,
/assets/minecraft/textures/item,compass_19.png,mcl_compass_compass_19.png,,,,,,,
/assets/minecraft/textures/item,compass_20.png,mcl_compass_compass_20.png,,,,,,,
/assets/minecraft/textures/item,compass_21.png,mcl_compass_compass_21.png,,,,,,,
/assets/minecraft/textures/item,compass_22.png,mcl_compass_compass_22.png,,,,,,,
/assets/minecraft/textures/item,compass_23.png,mcl_compass_compass_23.png,,,,,,,
/assets/minecraft/textures/item,compass_24.png,mcl_compass_compass_24.png,,,,,,,
/assets/minecraft/textures/item,compass_25.png,mcl_compass_compass_25.png,,,,,,,
/assets/minecraft/textures/item,compass_26.png,mcl_compass_compass_26.png,,,,,,,
/assets/minecraft/textures/item,compass_27.png,mcl_compass_compass_27.png,,,,,,,
/assets/minecraft/textures/item,compass_28.png,mcl_compass_compass_28.png,,,,,,,
/assets/minecraft/textures/item,compass_29.png,mcl_compass_compass_29.png,,,,,,,
/assets/minecraft/textures/item,compass_30.png,mcl_compass_compass_30.png,,,,,,,
/assets/minecraft/textures/item,compass_31.png,mcl_compass_compass_31.png,,,,,,,
/assets/minecraft/textures/item,clock_00.png,mcl_clock_clock_00.png,,,,,,,
/assets/minecraft/textures/item,clock_01.png,mcl_clock_clock_01.png,,,,,,,
/assets/minecraft/textures/item,clock_02.png,mcl_clock_clock_02.png,,,,,,,
/assets/minecraft/textures/item,clock_03.png,mcl_clock_clock_03.png,,,,,,,
/assets/minecraft/textures/item,clock_04.png,mcl_clock_clock_04.png,,,,,,,
/assets/minecraft/textures/item,clock_05.png,mcl_clock_clock_05.png,,,,,,,
/assets/minecraft/textures/item,clock_06.png,mcl_clock_clock_06.png,,,,,,,
/assets/minecraft/textures/item,clock_07.png,mcl_clock_clock_07.png,,,,,,,
/assets/minecraft/textures/item,clock_08.png,mcl_clock_clock_08.png,,,,,,,
/assets/minecraft/textures/item,clock_09.png,mcl_clock_clock_09.png,,,,,,,
/assets/minecraft/textures/item,clock_10.png,mcl_clock_clock_10.png,,,,,,,
/assets/minecraft/textures/item,clock_11.png,mcl_clock_clock_11.png,,,,,,,
/assets/minecraft/textures/item,clock_12.png,mcl_clock_clock_12.png,,,,,,,
/assets/minecraft/textures/item,clock_13.png,mcl_clock_clock_13.png,,,,,,,
/assets/minecraft/textures/item,clock_14.png,mcl_clock_clock_14.png,,,,,,,
/assets/minecraft/textures/item,clock_15.png,mcl_clock_clock_15.png,,,,,,,
/assets/minecraft/textures/item,clock_16.png,mcl_clock_clock_16.png,,,,,,,
/assets/minecraft/textures/item,clock_17.png,mcl_clock_clock_17.png,,,,,,,
/assets/minecraft/textures/item,clock_18.png,mcl_clock_clock_18.png,,,,,,,
/assets/minecraft/textures/item,clock_19.png,mcl_clock_clock_19.png,,,,,,,
/assets/minecraft/textures/item,clock_20.png,mcl_clock_clock_20.png,,,,,,,
/assets/minecraft/textures/item,clock_21.png,mcl_clock_clock_21.png,,,,,,,
/assets/minecraft/textures/item,clock_22.png,mcl_clock_clock_22.png,,,,,,,
/assets/minecraft/textures/item,clock_23.png,mcl_clock_clock_23.png,,,,,,,
/assets/minecraft/textures/item,clock_24.png,mcl_clock_clock_24.png,,,,,,,
/assets/minecraft/textures/item,clock_25.png,mcl_clock_clock_25.png,,,,,,,
/assets/minecraft/textures/item,clock_26.png,mcl_clock_clock_26.png,,,,,,,
/assets/minecraft/textures/item,clock_27.png,mcl_clock_clock_27.png,,,,,,,
/assets/minecraft/textures/item,clock_28.png,mcl_clock_clock_28.png,,,,,,,
/assets/minecraft/textures/item,clock_29.png,mcl_clock_clock_29.png,,,,,,,
/assets/minecraft/textures/item,clock_30.png,mcl_clock_clock_30.png,,,,,,,
/assets/minecraft/textures/item,clock_31.png,mcl_clock_clock_31.png,,,,,,,
/assets/minecraft/textures/item,clock_32.png,mcl_clock_clock_32.png,,,,,,,
/assets/minecraft/textures/item,clock_33.png,mcl_clock_clock_33.png,,,,,,,
/assets/minecraft/textures/item,clock_34.png,mcl_clock_clock_34.png,,,,,,,
/assets/minecraft/textures/item,clock_35.png,mcl_clock_clock_35.png,,,,,,,
/assets/minecraft/textures/item,clock_36.png,mcl_clock_clock_36.png,,,,,,,
/assets/minecraft/textures/item,clock_37.png,mcl_clock_clock_37.png,,,,,,,
/assets/minecraft/textures/item,clock_38.png,mcl_clock_clock_38.png,,,,,,,
/assets/minecraft/textures/item,clock_39.png,mcl_clock_clock_39.png,,,,,,,
/assets/minecraft/textures/item,clock_40.png,mcl_clock_clock_40.png,,,,,,,
/assets/minecraft/textures/item,clock_41.png,mcl_clock_clock_41.png,,,,,,,
/assets/minecraft/textures/item,clock_42.png,mcl_clock_clock_42.png,,,,,,,
/assets/minecraft/textures/item,clock_43.png,mcl_clock_clock_43.png,,,,,,,
/assets/minecraft/textures/item,clock_44.png,mcl_clock_clock_44.png,,,,,,,
/assets/minecraft/textures/item,clock_45.png,mcl_clock_clock_45.png,,,,,,,
/assets/minecraft/textures/item,clock_46.png,mcl_clock_clock_46.png,,,,,,,
/assets/minecraft/textures/item,clock_47.png,mcl_clock_clock_47.png,,,,,,,
/assets/minecraft/textures/item,clock_48.png,mcl_clock_clock_48.png,,,,,,,
/assets/minecraft/textures/item,clock_49.png,mcl_clock_clock_49.png,,,,,,,
/assets/minecraft/textures/item,clock_50.png,mcl_clock_clock_50.png,,,,,,,
/assets/minecraft/textures/item,clock_51.png,mcl_clock_clock_51.png,,,,,,,
/assets/minecraft/textures/item,clock_52.png,mcl_clock_clock_52.png,,,,,,,
/assets/minecraft/textures/item,clock_53.png,mcl_clock_clock_53.png,,,,,,,
/assets/minecraft/textures/item,clock_54.png,mcl_clock_clock_54.png,,,,,,,
/assets/minecraft/textures/item,clock_55.png,mcl_clock_clock_55.png,,,,,,,
/assets/minecraft/textures/item,clock_56.png,mcl_clock_clock_56.png,,,,,,,
/assets/minecraft/textures/item,clock_57.png,mcl_clock_clock_57.png,,,,,,,
/assets/minecraft/textures/item,clock_58.png,mcl_clock_clock_58.png,,,,,,,
/assets/minecraft/textures/item,clock_59.png,mcl_clock_clock_59.png,,,,,,,
/assets/minecraft/textures/item,clock_60.png,mcl_clock_clock_60.png,,,,,,,
/assets/minecraft/textures/item,clock_61.png,mcl_clock_clock_61.png,,,,,,,
/assets/minecraft/textures/item,clock_62.png,mcl_clock_clock_62.png,,,,,,,
/assets/minecraft/textures/item,clock_63.png,mcl_clock_clock_63.png,,,,,,,
/assets/minecraft/textures/item,empty_armor_slot_boots.png,mcl_inventory_empty_armor_slot_boots.png,,,,,,,
/assets/minecraft/textures/item,empty_armor_slot_chestplate.png,mcl_inventory_empty_armor_slot_chestplate.png,,,,,,,
/assets/minecraft/textures/item,empty_armor_slot_helmet.png,mcl_inventory_empty_armor_slot_helmet.png,,,,,,,
/assets/minecraft/textures/item,empty_armor_slot_leggings.png,mcl_inventory_empty_armor_slot_leggings.png,,,,,,,
/assets/minecraft/textures/item,empty_armor_slot_shield.png,mcl_inventory_empty_armor_slot_shield.png,,,,,,,
/assets/minecraft/textures/item,knowledge_book.png,craftguide_book.png,,,,,,,
/assets/minecraft/textures/gui/sprites/icon,search.png,craftguide_search_icon.png,,,,,,,
/assets/minecraft/textures/block,redstone_dust_dot.png,redstone_redstone_dust_dot.png,,,,,,,
/assets/minecraft/textures/block,redstone_dust_line0.png,redstone_redstone_dust_line0.png,,,,,,,
/assets/minecraft/textures/block,redstone_dust_line1.png,redstone_redstone_dust_line1.png,,,,,,,
/assets/minecraft/textures/block,attached_pumpkin_stem.png,mcl_farming_pumpkin_stem_connected.png,,,,,,,
/assets/minecraft/textures/block,attached_melon_stem.png,mcl_farming_melon_stem_connected.png,,,,,,,
/assets/minecraft/textures/block,pumpkin_stem.png,mcl_farming_pumpkin_stem_disconnected.png,,,,,,,
/assets/minecraft/textures/block,melon_stem.png,mcl_farming_melon_stem_disconnected.png,,,,,,,
/assets/minecraft/textures/block,acacia_planks.png,mcl_fences_fence_acacia.png,,,,,,,
/assets/minecraft/textures/block,dark_oak_planks.png,mcl_fences_fence_big_oak.png,,,,,,,
/assets/minecraft/textures/block,birch_planks.png,mcl_fences_fence_birch.png,,,,,,,
/assets/minecraft/textures/block,jungle_planks.png,mcl_fences_fence_jungle.png,,,,,,,
/assets/minecraft/textures/block,oak_planks.png,mcl_fences_fence_oak.png,,,,,,,
/assets/minecraft/textures/block,spruce_planks.png,mcl_fences_fence_spruce.png,,,,,,,
/assets/minecraft/textures/block,acacia_planks.png,mcl_fences_fence_gate_acacia.png,,,,,,,
/assets/minecraft/textures/block,dark_oak_planks.png,mcl_fences_fence_gate_big_oak.png,,,,,,,
/assets/minecraft/textures/block,birch_planks.png,mcl_fences_fence_gate_birch.png,,,,,,,
/assets/minecraft/textures/block,jungle_planks.png,mcl_fences_fence_gate_jungle.png,,,,,,,
/assets/minecraft/textures/block,oak_planks.png,mcl_fences_fence_gate_oak.png,,,,,,,
/assets/minecraft/textures/block,spruce_planks.png,mcl_fences_fence_gate_spruce.png,,,,,,,
/assets/minecraft/textures/block,nether_bricks.png,mcl_fences_fence_nether_brick.png,,,,,,,
/assets/minecraft/textures/entity/signs,oak.png,mcl_signs_sign.png,,,,,,,
/assets/minecraft/textures/entity,banner_base.png,mcl_banners_banner_base.png,,,,,,,
/assets/minecraft/textures/entity/banner,base.png,mcl_banners_base.png,,,,,,,
/assets/minecraft/textures/block,oak_planks.png,mcl_banners_fallback_wood.png,,,,,,,
/assets/minecraft/textures/block,nether_portal.png,mcl_portals_portal.png,,,,,,,
/assets/minecraft/textures/entity,end_portal.png,mcl_portals_end_portal.png,,,,,,,
/assets/minecraft/textures/environment,end_sky.png,mcl_playerplus_end_sky.png,,,,,,,
/assets/minecraft/textures/entity/chest,normal.png,mcl_chests_normal.png,,,,,,,
/assets/minecraft/textures/entity/chest,trapped.png,mcl_chests_trapped.png,,,,,,,
/assets/minecraft/textures/entity/chest,ender.png,mcl_chests_ender.png,,,,,,,
/assets/minecraft/textures/block,end_portal_frame_top.png,mcl_portals_endframe_top.png,,,,,,,
/assets/minecraft/textures/block,end_portal_frame_side.png,mcl_portals_endframe_side.png,,,,,,,
/assets/minecraft/textures/block,end_portal_frame_eye.png,mcl_portals_endframe_eye.png,,,,,,,
/assets/minecraft/textures/block,end_stone.png,mcl_portals_endframe_bottom.png,,,,,,,
/assets/minecraft/textures/block,red_nether_bricks.png,mcl_fences_fence_red_nether_brick.png,,,,,,,
/assets/minecraft/textures/block,red_nether_bricks.png,mcl_fences_fence_gate_red_nether_brick.png,,,,,,,
/assets/minecraft/textures/block,nether_bricks.png,mcl_fences_fence_gate_nether_brick.png,,,,,,,
/assets/minecraft/textures/block,cobblestone.png,mcl_walls_cobble_wall_top.png,,,,,,,
/assets/minecraft/textures/block,cobblestone.png,mcl_walls_cobble_wall_side.png,,,,,,,
/assets/minecraft/textures/block,mossy_cobblestone.png,mcl_walls_cobble_mossy_wall_top.png,,,,,,,
/assets/minecraft/textures/block,mossy_cobblestone.png,mcl_walls_cobble_mossy_wall_side.png,,,,,,,
/assets/minecraft/textures/block,grass_block_top.png,mcl_core_grass_block_top.png,,,,,,,
/assets/minecraft/textures/block,grass_block_side_overlay.png,mcl_core_grass_block_side_overlay.png,,,,,,,
/assets/minecraft/textures/item,enchanted_book.png,mcl_enchanting_book_enchanted.png,,,,,,,
/assets/minecraft/textures/item,experience_bottle.png,mcl_experience_bottle.png,,,,,,,
/assets/minecraft/textures/entity/bed,black.png,mcl_beds_bed_black.png,,,,,,,
/assets/minecraft/textures/entity/bed,blue.png,mcl_beds_bed_blue.png,,,,,,,
/assets/minecraft/textures/entity/bed,brown.png,mcl_beds_bed_brown.png,,,,,,,
/assets/minecraft/textures/entity/bed,cyan.png,mcl_beds_bed_cyan.png,,,,,,,
/assets/minecraft/textures/entity/bed,gray.png,mcl_beds_bed_grey.png,,,,,,,
/assets/minecraft/textures/entity/bed,green.png,mcl_beds_bed_green.png,,,,,,,
/assets/minecraft/textures/entity/bed,light_blue.png,mcl_beds_bed_light_blue.png,,,,,,,
/assets/minecraft/textures/entity/bed,light_gray.png,mcl_beds_bed_silver.png,,,,,,,
/assets/minecraft/textures/entity/bed,lime.png,mcl_beds_bed_lime.png,,,,,,,
/assets/minecraft/textures/entity/bed,magenta.png,mcl_beds_bed_magenta.png,,,,,,,
/assets/minecraft/textures/entity/bed,orange.png,mcl_beds_bed_orange.png,,,,,,,
/assets/minecraft/textures/entity/bed,pink.png,mcl_beds_bed_pink.png,,,,,,,
/assets/minecraft/textures/entity/bed,purple.png,mcl_beds_bed_purple.png,,,,,,,
/assets/minecraft/textures/entity/bed,white.png,mcl_beds_bed_white.png,,,,,,,
/assets/minecraft/textures/entity/bed,yellow.png,mcl_beds_bed_yellow.png,,,,,,,
/assets/minecraft/textures/block,cherry_log.png,mcl_cherry_blossom_log.png,,,,,,,
/assets/minecraft/textures/block,cherry_door_top.png,mcl_cherry_blossom_door_top.png,,,,,,,
/assets/minecraft/textures/block,cherry_leaves.png,mcl_cherry_blossom_leaves.png,,,,,,,
/assets/minecraft/textures/block,cherry_door_bottom.png,mcl_cherry_blossom_door_bottom.png,,,,,,,
/assets/minecraft/textures/block,cherry_sapling.png,mcl_cherry_blossom_sapling.png,,,,,,,
/assets/minecraft/textures/block,cherry_planks.png,mcl_cherry_blossom_planks.png,,,,,,,
/assets/minecraft/textures/block,cherry_trapdoor.png,mcl_cherry_blossom_trapdoor.png,,,,,,,
/assets/minecraft/textures/block,cherry_log_top.png,mcl_cherry_blossom_log_top.png,,,,,,,
/assets/minecraft/textures/block,stripped_cherry_log_top.png,mcl_cherry_blossom_log_top_stripped.png,,,,,,,
/assets/minecraft/textures/block,stripped_cherry_log.png,mcl_cherry_blossom_log_stripped.png,,,,,,,
/assets/minecraft/textures/item,cherry_sign.png,mcl_cherry_blossom_sign_inv.png,,,,,,,
/assets/minecraft/textures/entity/chest_boat,cherry.png,mcl_boats_cherry_chest_boat.png,,,,,,,
/assets/minecraft/textures/item,cherry_door.png,mcl_cherry_blossom_door_inv.png,,,,,,,
/assets/minecraft/textures/item,cherry_boat.png,mcl_boats_cherry_boat.png,,,,,,,
/assets/minecraft/textures/entity/signs,cherry.png,mcl_cherry_blossom_sign.png,,,,,,,
/assets/minecraft/textures/entity/boat,cherry.png,mcl_boats_texture_cherry_boat.png,,,,,,,
/assets/minecraft/textures/block,blast_furnace_front.png,blast_furnace_front.png,,,,,,,
/assets/minecraft/textures/block,blast_furnace_front_on.png,blast_furnace_front_on.png,,,,,,,
/assets/minecraft/textures/block,blast_furnace_side.png,blast_furnace_side.png,,,,,,,
/assets/minecraft/textures/block,blast_furnace_top.png,blast_furnace_top.png,,,,,,,
/assets/minecraft/textures/block,smoker_front.png,smoker_front.png,,,,,,,
/assets/minecraft/textures/block,smoker_front_on.png,smoker_front_on.png,,,,,,,
/assets/minecraft/textures/block,smoker_side.png,smoker_side.png,,,,,,,
/assets/minecraft/textures/block,smoker_top.png,smoker_top.png,,,,,,,
/assets/minecraft/textures/entity,dolphin.png,extra_mobs_dolphin.png,,,,,,,
/assets/minecraft/textures/entity/hoglin,hoglin.png,extra_mobs_hoglin.png,,,,,,,
/assets/minecraft/textures/entity/hoglin,zoglin.png,extra_mobs_zoglin.png,,,,,,,
/assets/minecraft/textures/entity/strider,strider.png,extra_mobs_strider.png,,,,,,,
/assets/minecraft/textures/entity/strider,strider_cold.png,extra_mobs_strider_cold.png,,,,,,,
/assets/minecraft/textures/item,coast_armor_trim_smithing_template.png,coast_armor_trim_smithing_template.png,,,,,,,
/assets/minecraft/textures/item,dune_armor_trim_smithing_template.png,dune_armor_trim_smithing_template.png,,,,,,,
/assets/minecraft/textures/item,eye_armor_trim_smithing_template.png,eye_armor_trim_smithing_template.png,,,,,,,
/assets/minecraft/textures/item,empty_slot_smithing_template_armor_trim.png,mcl_smithing_table_inventory_trim_bg.png,,,,,,,
/assets/minecraft/textures/item,rib_armor_trim_smithing_template.png,rib_armor_trim_smithing_template.png,,,,,,,
/assets/minecraft/textures/item,sentry_armor_trim_smithing_template.png,sentry_armor_trim_smithing_template.png,,,,,,,
/assets/minecraft/textures/item,silence_armor_trim_smithing_template.png,silence_armor_trim_smithing_template.png,,,,,,,
/assets/minecraft/textures/item,snout_armor_trim_smithing_template.png,snout_armor_trim_smithing_template.png,,,,,,,
/assets/minecraft/textures/item,spire_armor_trim_smithing_template.png,spire_armor_trim_smithing_template.png,,,,,,,
/assets/minecraft/textures/item,tide_armor_trim_smithing_template.png,tide_armor_trim_smithing_template.png,,,,,,,
/assets/minecraft/textures/item,vex_armor_trim_smithing_template.png,vex_armor_trim_smithing_template.png,,,,,,,
/assets/minecraft/textures/item,ward_armor_trim_smithing_template.png,ward_armor_trim_smithing_template.png,,,,,,,
/assets/minecraft/textures/item,wayfinder_armor_trim_smithing_template.png,wayfinder_armor_trim_smithing_template.png,,,,,,,
/assets/minecraft/textures/item,wild_armor_trim_smithing_template.png,wild_armor_trim_smithing_template.png,,,,,,,
/assets/minecraft/textures/block,lodestone_side.png,lodestone_bottom.png,,,,,,,
/assets/minecraft/textures/block,lodestone_side.png,lodestone_side1.png,,,,,,,
/assets/minecraft/textures/block,lodestone_side.png,lodestone_side2.png,,,,,,,
/assets/minecraft/textures/block,lodestone_side.png,lodestone_side3.png,,,,,,,
/assets/minecraft/textures/block,lodestone_side.png,lodestone_side4.png,,,,,,,
/assets/minecraft/textures/block,lodestone_top.png,lodestone_top.png,,,,,,,
/assets/minecraft/textures/block,loom_bottom.png,loom_bottom.png,,,,,,,
/assets/minecraft/textures/block,loom_front.png,loom_front.png,,,,,,,
/assets/minecraft/textures/block,loom_side.png,loom_side.png,,,,,,,
/assets/minecraft/textures/block,loom_top.png,loom_top.png,,,,,,,
